Date,Open,High,Low,Close,Adj Close,Volume
2020-09-21,2.5,2.52,2.5,2.5,2.5,68800
2020-09-22,2.52,2.54,2.5,2.5,2.5,42600
2020-09-23,2.52,2.52,2.48,2.48,2.48,46700
2020-09-24,2.48,2.52,2.48,2.48,2.48,39700
2020-09-25,2.5,2.52,2.5,2.52,2.52,8900
2020-09-28,2.54,2.54,2.5,2.5,2.5,32800
2020-09-29,2.52,2.56,2.5,2.5,2.5,20100
2020-09-30,2.5,2.54,2.5,2.5,2.5,23100
2020-10-01,2.52,2.54,2.5,2.54,2.54,23300
2020-10-02,2.56,2.58,2.56,2.58,2.58,12100
2020-10-05,2.76,2.76,2.54,2.64,2.64,56400
2020-10-06,2.64,2.64,2.52,2.56,2.56,58500
2020-10-07,2.54,2.62,2.54,2.62,2.62,2100
2020-10-08,2.58,2.64,2.56,2.64,2.64,11600
2020-10-09,2.64,2.64,2.6,2.6,2.6,106900
2020-10-12,2.62,2.62,2.62,2.62,2.62,600
2020-10-14,2.62,2.62,2.58,2.58,2.58,6100
2020-10-15,2.6,2.6,2.54,2.58,2.58,29400
2020-10-16,2.56,2.58,2.54,2.56,2.56,32400
2020-10-19,2.54,2.54,2.52,2.54,2.54,18800
2020-10-20,2.5,2.56,2.5,2.56,2.56,9000
2020-10-21,2.54,2.58,2.54,2.56,2.56,13900
2020-10-26,2.56,2.56,2.52,2.52,2.52,35700
2020-10-27,2.5,2.5,2.48,2.5,2.5,66500
2020-10-28,2.52,2.54,2.48,2.52,2.52,39500
2020-10-30,2.54,2.54,2.48,2.48,2.48,40200
2020-11-03,2.52,2.56,2.5,2.56,2.56,22600
2020-11-04,2.56,2.56,2.54,2.56,2.56,25600
2020-11-05,2.58,2.6,2.56,2.58,2.58,17800
2020-11-06,2.56,2.6,2.54,2.6,2.6,63600
2020-11-09,2.6,2.66,2.6,2.62,2.62,19300
2020-11-10,2.64,2.66,2.6,2.64,2.64,58700
2020-11-11,2.64,2.64,2.6,2.6,2.6,56700
2020-11-12,2.66,2.8,2.66,2.72,2.72,337900
2020-11-13,2.74,2.76,2.7,2.74,2.74,213200
2020-11-16,2.74,2.74,2.68,2.68,2.68,125500
2020-11-17,2.66,2.7,2.66,2.66,2.66,44900
2020-11-18,2.66,2.68,2.64,2.68,2.68,45300
2020-11-19,2.68,2.68,2.66,2.68,2.68,63200
2020-11-20,2.68,2.7,2.64,2.7,2.7,204400
2020-11-23,2.7,2.72,2.66,2.72,2.72,220200
2020-11-24,2.74,2.74,2.68,2.7,2.7,238700
2020-11-25,2.7,2.74,2.68,2.7,2.7,189700
2020-11-26,2.7,2.78,2.7,2.76,2.76,249200
2020-11-27,2.78,2.86,2.76,2.82,2.82,333700
2020-11-30,2.88,2.92,2.84,2.86,2.86,833100
2020-12-01,2.86,2.9,2.84,2.86,2.86,268700
2020-12-02,2.86,2.86,2.82,2.86,2.86,182800
2020-12-03,2.86,2.96,2.84,2.94,2.94,700100
2020-12-04,2.96,3.24,2.94,3.2,3.2,2054900
2020-12-08,3.32,3.56,3.24,3.44,3.44,1876100
2020-12-09,3.52,3.52,3.34,3.42,3.42,668500
2020-12-14,3.5,3.5,3.42,3.44,3.44,193400
2020-12-15,3.42,3.48,3.38,3.4,3.4,258100
2020-12-16,3.42,3.8,3.42,3.66,3.66,967300
2020-12-17,3.68,3.74,3.56,3.64,3.64,456600
2020-12-18,3.64,3.64,3.56,3.62,3.62,373200
2020-12-21,3.44,3.54,3.36,3.36,3.36,926600
2020-12-22,3.34,3.44,3.3,3.4,3.4,164700
2020-12-23,3.44,3.52,3.44,3.5,3.5,420700
2020-12-24,3.54,3.64,3.5,3.64,3.64,196500
2020-12-25,3.7,3.72,3.66,3.68,3.68,216400
2020-12-28,3.82,3.82,3.62,3.68,3.68,412200
2020-12-29,3.6,3.68,3.6,3.66,3.66,119700
2020-12-30,3.66,3.72,3.6,3.66,3.66,210800
2021-01-04,3.6,3.68,3.58,3.66,3.66,194500
2021-01-05,3.7,3.7,3.58,3.64,3.64,183300
2021-01-06,3.64,3.66,3.6,3.64,3.64,111000
2021-01-07,3.66,3.66,3.6,3.64,3.64,237900
2021-01-08,3.6,3.66,3.58,3.58,3.58,192300
2021-01-11,3.64,3.64,3.6,3.6,3.6,77500
2021-01-12,3.62,3.62,3.54,3.6,3.6,122800
2021-01-13,3.6,3.62,3.58,3.58,3.58,84300
2021-01-14,3.6,3.62,3.58,3.6,3.6,120200
2021-01-15,3.6,3.64,3.58,3.6,3.6,233400
2021-01-18,3.6,3.64,3.6,3.6,3.6,204200
2021-01-19,3.6,3.66,3.6,3.64,3.64,151400
2021-01-20,3.66,3.66,3.62,3.62,3.62,48700
2021-01-21,3.64,3.66,3.64,3.64,3.64,58700
2021-01-22,3.64,3.64,3.6,3.62,3.62,67900
2021-01-25,3.62,3.64,3.58,3.62,3.62,12900
2021-01-26,3.62,3.64,3.6,3.64,3.64,159400
2021-01-27,3.66,3.66,3.62,3.62,3.62,115800
2021-01-28,3.64,3.64,3.6,3.62,3.62,117900
2021-01-29,3.6,3.66,3.58,3.64,3.64,175100
2021-02-01,3.66,3.7,3.62,3.68,3.68,203800
2021-02-02,3.7,3.72,3.7,3.72,3.72,101300
2021-02-03,3.72,3.8,3.72,3.78,3.78,357200
2021-02-04,3.78,3.92,3.78,3.92,3.92,646300
2021-02-05,3.94,4.06,3.94,4.06,4.06,834800
2021-02-08,4.08,4.1,3.96,3.96,3.96,576500
2021-02-09,4.08,4.08,3.88,3.96,3.96,584200
2021-02-10,3.98,3.98,3.94,3.96,3.96,59300
2021-02-11,3.96,3.98,3.94,3.98,3.98,151800
2021-02-15,4.0,4.02,3.9,3.9,3.9,521400
2021-02-16,3.92,3.94,3.82,3.9,3.9,335400
2021-02-17,3.86,3.92,3.86,3.9,3.9,244700
2021-02-18,3.9,3.94,3.88,3.92,3.92,27700
2021-02-19,3.9,3.94,3.88,3.94,3.94,149400
2021-02-22,4.04,4.04,3.62,3.62,3.62,1621200
2021-02-23,3.62,3.9,3.6,3.88,3.88,532200
2021-02-24,3.88,3.88,3.76,3.84,3.84,134800
2021-02-25,3.78,3.84,3.76,3.8,3.8,104200
2021-03-01,3.82,3.82,3.76,3.78,3.78,124900
2021-03-02,3.82,3.86,3.8,3.82,3.82,237300
2021-03-03,3.84,3.88,3.84,3.86,3.86,421000
2021-03-04,3.86,3.9,3.86,3.88,3.88,213800
2021-03-05,3.84,3.96,3.84,3.96,3.96,702200
2021-03-08,3.98,4.0,3.96,4.0,4.0,1096000
2021-03-09,3.98,4.0,3.96,3.98,3.98,695600
2021-03-10,4.0,4.0,3.98,3.98,3.98,596000
2021-03-11,3.98,4.1,3.98,4.02,4.02,2710500
2021-03-12,3.84,3.88,3.82,3.88,3.88,1022700
2021-03-15,3.86,3.88,3.84,3.86,3.86,201900
2021-03-16,3.88,3.88,3.82,3.82,3.82,139100
2021-03-17,3.82,3.9,3.82,3.88,3.88,451500
2021-03-18,3.86,3.92,3.86,3.9,3.9,137400
2021-03-19,3.88,3.94,3.86,3.9,3.9,938600
2021-03-22,3.96,4.06,3.9,4.04,4.04,982100
2021-03-23,4.06,4.08,4.02,4.02,4.02,620500
2021-03-24,4.04,4.04,3.94,4.02,4.02,296000
2021-03-25,3.98,4.0,3.96,3.98,3.98,382100
2021-03-26,4.0,4.0,3.96,3.98,3.98,253500
2021-03-29,4.0,4.0,3.94,4.0,4.0,221900
2021-03-30,4.0,4.14,3.98,4.06,4.06,740100
2021-03-31,4.1,4.1,4.02,4.06,4.06,275400
2021-04-01,4.1,4.3,4.08,4.3,4.3,2226100
2021-04-02,4.3,4.32,4.26,4.32,4.32,821500
2021-04-05,4.3,4.32,4.22,4.3,4.3,804200
2021-04-07,4.26,4.3,4.24,4.26,4.26,438000
2021-04-08,4.24,4.32,4.24,4.3,4.3,513800
2021-04-09,4.32,4.36,4.3,4.32,4.32,700700
2021-04-12,4.36,4.36,4.06,4.2,4.2,474900
2021-04-16,4.2,4.24,4.14,4.24,4.24,349700
2021-04-19,4.3,4.3,4.24,4.28,4.28,147600
2021-04-20,4.26,4.3,4.26,4.3,4.3,122600
2021-04-21,4.28,4.52,4.28,4.44,4.44,1168600
2021-04-22,4.5,4.5,4.42,4.44,4.44,751300
2021-04-23,4.48,4.66,4.44,4.5,4.5,1126800
2021-04-26,4.5,5.0,4.5,4.98,4.98,11214000
2021-04-27,5.1,5.3,4.5,4.74,4.74,6951000
2021-04-28,4.94,4.94,4.74,4.82,4.82,940700
2021-04-29,4.88,4.88,4.78,4.82,4.82,437600
2021-04-30,4.8,4.82,4.76,4.82,4.82,661500
2021-05-05,4.8,4.82,4.7,4.7,4.7,678200
2021-05-06,4.76,4.92,4.74,4.88,4.88,663100
2021-05-07,4.9,4.92,4.84,4.88,4.88,920700
2021-05-10,4.94,4.96,4.9,4.92,4.92,1929300
2021-05-11,4.96,5.0,4.86,4.92,4.92,810800
2021-05-12,5.7,6.3,5.55,5.75,5.75,39220200
2021-05-13,5.65,5.85,5.1,5.4,5.4,13718600
2021-05-14,5.5,5.7,5.25,5.5,5.5,5705400
2021-05-17,5.3,5.35,5.05,5.2,5.2,2690100
2021-05-18,5.25,5.35,5.1,5.15,5.15,2751400
2021-05-19,5.2,5.35,5.1,5.15,5.15,1618400
2021-05-20,5.15,5.15,4.98,5.05,5.05,2715000
2021-05-21,5.05,5.2,5.0,5.15,5.15,1769400
2021-05-24,5.15,5.35,5.15,5.25,5.25,8145000
2021-05-25,5.35,5.5,5.25,5.25,5.25,3871400
2021-05-27,5.25,5.45,5.2,5.3,5.3,2041200
2021-05-28,5.3,5.55,5.3,5.4,5.4,3121400
2021-05-31,5.5,5.5,5.4,5.45,5.45,1162000
2021-06-01,5.45,5.55,5.45,5.5,5.5,937500
2021-06-02,5.5,5.5,5.35,5.4,5.4,1042300
2021-06-04,5.35,5.4,5.3,5.3,5.3,778600
2021-06-07,5.35,5.4,5.25,5.25,5.25,985100
2021-06-08,5.3,5.3,5.2,5.3,5.3,350600
2021-06-09,5.3,5.3,5.25,5.3,5.3,248700
2021-06-10,5.3,5.3,5.25,5.25,5.25,370300
2021-06-11,5.25,5.25,5.1,5.1,5.1,911600
2021-06-14,5.1,5.2,5.1,5.1,5.1,383400
2021-06-15,5.15,5.25,5.1,5.2,5.2,662500
2021-06-16,5.15,5.25,5.15,5.15,5.15,130300
2021-06-17,5.15,5.2,5.1,5.1,5.1,354900
2021-06-18,5.05,5.1,5.0,5.0,5.0,1174100
2021-06-21,4.96,5.05,4.92,5.0,5.0,1001700
2021-06-22,5.0,5.05,4.98,5.0,5.0,132800
2021-06-23,5.0,5.0,4.92,4.94,4.94,381600
2021-06-24,4.94,4.94,4.82,4.88,4.88,733900
2021-06-25,4.88,4.94,4.84,4.88,4.88,282400
2021-06-28,4.84,4.86,4.76,4.8,4.8,765300
2021-06-29,4.8,5.0,4.8,4.98,4.98,403700
2021-06-30,5.05,5.05,4.96,4.96,4.96,200700
2021-07-01,4.92,4.96,4.92,4.96,4.96,68600
2021-07-02,4.96,5.05,4.92,4.94,4.94,132100
2021-07-05,4.94,4.96,4.8,4.84,4.84,268500
2021-07-06,4.82,4.88,4.82,4.84,4.84,133800
2021-07-07,4.82,4.86,4.78,4.82,4.82,183100
2021-07-08,4.82,4.82,4.66,4.68,4.68,828900
2021-07-09,4.62,4.7,4.62,4.68,4.68,219900
2021-07-12,4.66,4.74,4.66,4.7,4.7,129600
2021-07-13,4.72,4.78,4.7,4.72,4.72,83400
2021-07-14,4.76,4.78,4.7,4.76,4.76,216600
2021-07-15,4.78,4.84,4.76,4.78,4.78,182200
2021-07-16,4.82,4.82,4.78,4.82,4.82,222200
2021-07-19,4.82,4.82,4.8,4.8,4.8,218300
2021-07-20,4.8,4.8,4.72,4.76,4.76,257700
2021-07-21,4.74,4.8,4.72,4.74,4.74,43700
2021-07-22,4.74,4.78,4.72,4.76,4.76,116400
2021-07-23,4.8,5.25,4.8,5.25,5.25,4828200
2021-07-27,5.25,5.35,5.0,5.05,5.05,2584600
2021-07-29,5.1,5.2,4.94,4.98,4.98,894600
2021-07-30,4.92,5.55,4.92,5.4,5.4,11639600
2021-08-02,5.55,5.7,5.1,5.1,5.1,12249100
2021-08-03,5.15,5.45,5.1,5.3,5.3,3859700
2021-08-04,5.35,5.7,5.3,5.65,5.65,7151500
2021-08-05,5.65,5.65,5.4,5.45,5.45,4693100
2021-08-06,5.45,5.55,5.35,5.55,5.55,2304500
2021-08-09,5.6,5.95,5.5,5.85,5.85,12129600
2021-08-10,5.9,5.95,5.6,5.75,5.75,6914300
2021-08-11,6.1,6.1,5.6,5.6,5.6,14423000
2021-08-13,5.6,5.65,5.2,5.2,5.2,6746100
2021-08-16,5.2,5.25,4.9,5.0,5.0,4836900
2021-08-17,5.0,5.15,5.0,5.1,5.1,1469900
2021-08-18,5.15,5.15,5.0,5.1,5.1,1253300
2021-08-19,5.05,5.15,4.98,5.05,5.05,1580900
2021-08-20,5.0,5.25,5.0,5.15,5.15,1739600
2021-08-23,5.15,5.35,5.15,5.25,5.25,1914400
2021-08-24,5.35,5.45,5.25,5.35,5.35,3705000
2021-08-25,5.35,5.4,5.25,5.25,5.25,1515200
2021-08-26,5.3,5.35,5.25,5.3,5.3,780700
2021-08-27,5.35,5.5,5.35,5.4,5.4,3209800
2021-08-30,5.45,5.65,5.45,5.65,5.65,5059700
2021-08-31,5.65,5.7,5.5,5.6,5.6,2328900
2021-09-01,5.6,5.7,5.4,5.5,5.5,2534900
2021-09-02,5.45,5.55,5.35,5.35,5.35,1365600
2021-09-03,5.45,5.45,5.25,5.4,5.4,715900
2021-09-06,5.35,5.4,5.3,5.35,5.35,348300
2021-09-07,5.4,5.4,5.3,5.3,5.3,557300
2021-09-08,5.3,5.35,5.25,5.25,5.25,276800
2021-09-09,5.25,5.35,5.25,5.3,5.3,811700
2021-09-10,5.35,5.4,5.3,5.35,5.35,307900
2021-09-13,5.4,5.55,5.4,5.5,5.5,1487400
2021-09-14,5.55,5.55,5.4,5.45,5.45,897800
2021-09-15,5.45,5.5,5.4,5.4,5.4,342300
2021-09-16,5.4,5.45,5.35,5.4,5.4,697000
2021-09-17,5.4,5.4,5.3,5.35,5.35,383600
2021-09-20,5.35,5.35,5.2,5.25,5.25,841100
2021-09-21,5.2,5.35,5.15,5.35,5.35,866700
2021-09-22,5.3,5.35,5.2,5.3,5.3,535100
2021-09-23,5.3,5.35,5.25,5.25,5.25,379300
2021-09-27,5.3,5.3,5.15,5.2,5.2,795700
2021-09-28,5.15,5.2,5.1,5.1,5.1,984100
2021-09-29,5.1,5.2,5.1,5.15,5.15,592800
2021-09-30,5.15,5.2,5.05,5.05,5.05,627600
2021-10-01,5.05,5.15,5.0,5.05,5.05,764500
2021-10-04,5.05,5.15,5.05,5.15,5.15,400800
2021-10-05,5.1,5.1,5.0,5.1,5.1,1181600
2021-10-06,5.1,5.15,5.05,5.05,5.05,358100
2021-10-07,5.05,5.15,5.05,5.1,5.1,210100
2021-10-08,5.1,5.2,5.1,5.15,5.15,421400
2021-10-11,5.2,5.3,5.15,5.2,5.2,877800
2021-10-12,5.25,5.25,5.2,5.25,5.25,259200
2021-10-14,5.25,5.25,5.1,5.15,5.15,733700
2021-10-15,5.25,5.25,5.1,5.15,5.15,552800
2021-10-18,5.15,5.15,5.1,5.15,5.15,62100
2021-10-19,5.15,5.25,5.1,5.15,5.15,661000
2021-10-20,5.15,5.2,5.15,5.15,5.15,22200
2021-10-21,5.15,5.25,5.15,5.25,5.25,684300
2021-10-25,5.25,5.35,5.2,5.3,5.3,754900
2021-10-26,5.35,5.4,5.25,5.35,5.35,772600
2021-10-27,5.4,5.4,5.25,5.3,5.3,838800
2021-10-28,5.3,5.35,5.25,5.3,5.3,633500
2021-10-29,5.3,5.3,5.25,5.25,5.25,427000
2021-11-01,5.3,5.35,5.1,5.15,5.15,575900
2021-11-02,5.25,5.25,5.1,5.1,5.1,309400
2021-11-03,5.1,5.1,5.0,5.0,5.0,661700
2021-11-04,5.0,5.1,5.0,5.05,5.05,372300
2021-11-05,5.1,5.2,5.1,5.1,5.1,164300
2021-11-08,5.15,5.25,5.1,5.15,5.15,376900
2021-11-09,5.15,5.2,5.15,5.2,5.2,97700
2021-11-10,5.0,5.05,4.92,4.98,4.98,2602900
2021-11-11,4.96,4.98,4.84,4.84,4.84,2781100
2021-11-12,4.84,4.88,4.82,4.84,4.84,642100
2021-11-15,4.92,4.92,4.82,4.84,4.84,346000
2021-11-16,4.86,4.86,4.8,4.8,4.8,649100
2021-11-17,4.82,4.82,4.78,4.78,4.78,493200
2021-11-18,4.82,4.84,4.76,4.84,4.84,606200
2021-11-19,4.84,4.86,4.8,4.84,4.84,348300
2021-11-22,4.82,4.82,4.8,4.8,4.8,381500
2021-11-23,4.8,4.86,4.8,4.82,4.82,481900
2021-11-24,4.84,4.86,4.82,4.84,4.84,149100
2021-11-25,4.86,4.88,4.82,4.84,4.84,177400
2021-11-26,4.84,4.86,4.78,4.8,4.8,739100
2021-11-29,4.8,4.8,4.76,4.78,4.78,157000
2021-11-30,4.78,4.8,4.72,4.72,4.72,218900
2021-12-01,4.7,4.78,4.7,4.78,4.78,322100
2021-12-02,4.78,4.78,4.72,4.76,4.76,218600
2021-12-03,4.76,4.76,4.72,4.74,4.74,259500
2021-12-07,4.74,4.74,4.72,4.74,4.74,133100
2021-12-08,4.74,4.76,4.72,4.76,4.76,144200
2021-12-09,4.76,4.78,4.76,4.76,4.76,127700
2021-12-13,4.78,4.8,4.74,4.8,4.8,141400
2021-12-14,4.78,4.8,4.76,4.8,4.8,113500
2021-12-15,4.8,4.82,4.74,4.74,4.74,186500
2021-12-16,4.78,4.78,4.76,4.78,4.78,138400
2021-12-17,4.78,4.78,4.74,4.76,4.76,106600
2021-12-20,4.76,4.76,4.72,4.72,4.72,222900
2021-12-21,4.74,4.76,4.72,4.72,4.72,236000
2021-12-22,4.72,4.74,4.7,4.72,4.72,191200
2021-12-23,4.74,4.78,4.72,4.74,4.74,140800
2021-12-24,4.74,4.76,4.7,4.72,4.72,231800
2021-12-27,4.74,4.76,4.7,4.7,4.7,244900
2021-12-28,4.7,4.74,4.7,4.7,4.7,128600
2021-12-29,4.7,4.72,4.68,4.7,4.7,139500
2021-12-30,4.7,4.74,4.68,4.72,4.72,126200
2022-01-04,4.74,4.74,4.7,4.74,4.74,270800
2022-01-05,4.74,4.78,4.72,4.76,4.76,127200
2022-01-06,4.76,4.76,4.7,4.74,4.74,409000
2022-01-07,4.76,4.78,4.72,4.72,4.72,244700
2022-01-10,4.76,4.82,4.72,4.82,4.82,318100
2022-01-11,4.82,4.92,4.8,4.92,4.92,984200
2022-01-12,4.92,4.98,4.92,4.96,4.96,685300
2022-01-13,4.98,4.98,4.92,4.96,4.96,408900
2022-01-14,4.96,5.25,4.92,5.0,5.0,1969800
2022-01-17,5.05,5.05,5.0,5.0,5.0,306100
2022-01-18,5.0,5.05,4.96,4.96,4.96,493600
2022-01-19,4.96,4.98,4.94,4.96,4.96,119600
2022-01-20,4.96,5.0,4.92,5.0,5.0,191000
2022-01-21,4.98,5.0,4.96,4.98,4.98,169800
2022-01-24,4.96,5.0,4.96,4.96,4.96,200600
2022-01-25,4.96,4.96,4.92,4.96,4.96,48500
2022-01-26,4.96,4.96,4.94,4.94,4.94,81500
2022-01-27,4.96,4.96,4.88,4.9,4.9,182700
2022-01-28,4.9,4.96,4.9,4.96,4.96,103800
2022-01-31,4.94,5.0,4.94,4.98,4.98,76400
2022-02-01,4.98,5.0,4.96,5.0,5.0,128300
2022-02-02,5.05,5.05,4.96,4.96,4.96,230800
2022-02-03,4.98,5.05,4.98,5.0,5.0,281200
2022-02-04,5.0,5.05,5.0,5.05,5.05,145200
2022-02-07,5.1,5.1,5.0,5.05,5.05,188300
2022-02-08,5.05,5.05,5.0,5.05,5.05,308600
2022-02-09,5.05,5.05,4.98,4.98,4.98,150800
2022-02-10,4.98,5.45,4.98,5.45,5.45,4620800
2022-02-11,5.4,5.45,5.25,5.45,5.45,1393200
2022-02-14,5.45,5.45,5.25,5.4,5.4,1105500
2022-02-15,5.35,5.45,5.3,5.45,5.45,608900
2022-02-17,5.45,5.65,5.3,5.35,5.35,3567200
2022-02-18,5.3,5.4,5.3,5.35,5.35,646400
2022-02-21,5.35,5.95,5.35,5.95,5.95,13415200
2022-02-22,5.7,5.85,5.5,5.7,5.7,5259900
2022-02-23,5.75,6.8,5.7,6.6,6.6,89066200
2022-02-24,6.4,6.6,6.05,6.45,6.45,25201200
2022-02-25,6.55,6.9,6.3,6.7,6.7,25920000
2022-02-28,6.75,6.85,6.4,6.8,6.8,16190400
2022-03-01,6.8,6.85,6.6,6.75,6.75,6406900
2022-03-02,6.7,6.75,6.55,6.65,6.65,5642300
2022-03-03,6.7,6.85,6.65,6.75,6.75,6452900
2022-03-04,6.75,6.85,6.65,6.7,6.7,6672300
2022-03-07,6.7,6.7,6.5,6.65,6.65,6498600
2022-03-08,6.65,6.75,6.45,6.55,6.55,8705300
2022-03-09,6.6,6.65,6.5,6.5,6.5,11602000
2022-03-10,5.45,5.5,5.15,5.2,5.2,9629600
2022-03-11,5.1,5.15,4.9,4.96,4.96,6106600
2022-03-14,4.98,5.3,4.94,5.3,5.3,4537900
2022-03-15,5.2,5.3,5.05,5.05,5.05,2010500
2022-03-16,5.1,5.2,5.1,5.1,5.1,865900
2022-03-17,5.2,5.2,5.05,5.05,5.05,747500
2022-03-18,5.1,5.15,4.98,5.0,5.0,2064600
2022-03-21,5.05,5.1,4.94,4.94,4.94,2353800
2022-03-22,4.94,5.0,4.88,4.88,4.88,3051700
2022-03-23,4.9,4.9,4.82,4.84,4.84,1975100
2022-03-24,4.84,4.92,4.82,4.84,4.84,4028100
2022-03-25,4.88,5.1,4.88,4.94,4.94,10756200
2022-03-28,4.92,4.98,4.88,4.9,4.9,5005800
2022-03-29,4.9,4.92,4.84,4.84,4.84,3347700
2022-03-30,4.86,4.94,4.86,4.88,4.88,1906700
2022-03-31,4.88,4.94,4.86,4.9,4.9,2126700
2022-04-01,4.9,4.94,4.88,4.9,4.9,966000
2022-04-04,4.92,5.0,4.9,4.92,4.92,3312500
2022-04-05,4.92,4.96,4.88,4.88,4.88,1754200
2022-04-07,4.88,4.9,4.84,4.84,4.84,906400
2022-04-08,4.84,4.88,4.84,4.84,4.84,720900
2022-04-11,4.88,4.88,4.8,4.82,4.82,777100
2022-04-12,4.8,4.84,4.74,4.76,4.76,1413600
2022-04-18,4.72,4.8,4.7,4.74,4.74,977000
2022-04-19,4.78,4.96,4.78,4.9,4.9,1614100
2022-04-20,4.92,4.94,4.82,4.84,4.84,1821000
2022-04-21,4.84,4.9,4.76,4.8,4.8,1308000
2022-04-22,4.82,4.86,4.78,4.82,4.82,656100
2022-04-25,4.82,4.84,4.78,4.84,4.84,540000
2022-04-26,4.82,4.84,4.76,4.78,4.78,841600
2022-04-27,4.76,4.76,4.7,4.72,4.72,1290900
2022-04-28,4.7,4.74,4.66,4.74,4.74,735300
2022-04-29,4.74,4.8,4.7,4.76,4.76,724600
2022-05-03,4.76,4.8,4.72,4.72,4.72,697100
2022-05-05,4.72,4.76,4.7,4.7,4.7,621600
2022-05-06,4.7,4.72,4.66,4.68,4.68,745100
2022-05-09,4.68,4.68,4.46,4.46,4.46,2378900
2022-05-10,4.44,4.46,4.36,4.42,4.42,1246600
2022-05-11,4.4,4.42,4.34,4.36,4.36,703900
2022-05-12,4.28,4.3,4.06,4.06,4.06,2822500
2022-05-13,4.0,4.0,3.82,3.84,3.84,3086700
2022-05-17,3.8,4.0,3.78,4.0,4.0,884800
2022-05-18,4.0,4.06,3.98,4.02,4.02,381400
2022-05-19,3.98,4.06,3.96,4.04,4.04,143000
2022-05-20,4.06,4.1,4.02,4.08,4.08,202000
2022-05-23,4.06,4.06,4.02,4.04,4.04,231769
2022-05-24,4.02,4.08,3.98,4.04,4.04,200301
2022-05-25,4.1,4.16,4.08,4.08,4.08,252756
2022-05-26,4.12,4.9,4.12,4.3,4.3,10737861
2022-05-27,4.4,4.68,4.32,4.38,4.38,6014445
2022-05-30,4.4,4.46,4.34,4.36,4.36,775669
2022-05-31,4.4,4.42,4.26,4.3,4.3,1282928
2022-06-01,4.34,4.62,4.28,4.36,4.36,2996195
2022-06-02,4.4,4.4,4.26,4.28,4.28,745581
2022-06-06,4.3,4.4,4.26,4.34,4.34,615449
2022-06-07,4.34,4.58,4.32,4.32,4.32,2461149
2022-06-08,4.34,4.4,4.34,4.38,4.38,436431
2022-06-09,4.38,4.38,4.3,4.32,4.32,482432
2022-06-10,4.32,4.4,4.3,4.3,4.3,315047
2022-06-13,4.26,4.3,4.22,4.22,4.22,384744
2022-06-14,4.22,4.26,4.12,4.18,4.18,383615
2022-06-15,4.2,4.22,4.12,4.18,4.18,238001
2022-06-16,4.18,4.2,4.06,4.06,4.06,482586
2022-06-17,4.04,4.08,3.98,4.02,4.02,491120
2022-06-20,4.02,4.04,3.94,3.98,3.98,679977
2022-06-21,4.0,4.04,3.96,4.02,4.02,265696
2022-06-22,4.02,4.02,4.0,4.0,4.0,242800
2022-06-23,4.0,4.02,3.96,3.98,3.98,178000
2022-06-24,4.0,4.0,3.96,4.0,4.0,192701
2022-06-27,3.94,4.04,3.94,4.04,4.04,173432
2022-06-28,4.02,4.04,4.0,4.02,4.02,102013
2022-06-29,4.04,4.04,4.0,4.04,4.04,40070
2022-06-30,4.04,4.04,3.92,3.96,3.96,363509
2022-07-01,3.92,3.96,3.92,3.94,3.94,118420
2022-07-04,3.94,3.96,3.92,3.92,3.92,199953
2022-07-05,3.94,3.98,3.72,3.72,3.72,572111
2022-07-06,3.72,3.72,3.58,3.62,3.62,594729
2022-07-07,3.62,3.74,3.62,3.72,3.72,112564
2022-07-08,3.76,3.76,3.68,3.7,3.7,84609
2022-07-11,3.68,3.74,3.68,3.68,3.68,68594
2022-07-12,3.68,3.84,3.66,3.7,3.7,377201
2022-07-14,3.7,3.72,3.66,3.7,3.7,51300
2022-07-15,3.68,3.68,3.58,3.58,3.58,309865
2022-07-18,3.6,3.66,3.58,3.62,3.62,159000
2022-07-19,3.64,3.84,3.6,3.66,3.66,359244
2022-07-20,3.66,3.78,3.64,3.74,3.74,167935
2022-07-21,3.68,3.72,3.66,3.68,3.68,109500
2022-07-22,3.7,3.72,3.68,3.68,3.68,84585
2022-07-25,3.68,3.74,3.68,3.7,3.7,72378
2022-07-26,3.7,3.84,3.7,3.74,3.74,345635
2022-07-27,3.7,3.82,3.7,3.72,3.72,191443
2022-08-01,3.72,3.78,3.72,3.78,3.78,114959
2022-08-02,3.78,3.8,3.76,3.78,3.78,91100
2022-08-03,3.78,3.8,3.76,3.78,3.78,55464
2022-08-04,3.78,3.82,3.76,3.8,3.8,117804
2022-08-05,3.8,3.82,3.78,3.8,3.8,73266
2022-08-08,3.8,3.88,3.8,3.86,3.86,191070
2022-08-09,3.86,3.92,3.84,3.92,3.92,199690
2022-08-10,3.94,3.94,3.9,3.9,3.9,85191
2022-08-11,3.9,3.94,3.88,3.9,3.9,96414
2022-08-15,3.76,3.8,3.72,3.78,3.78,580123
2022-08-16,3.78,3.78,3.74,3.78,3.78,219240
2022-08-17,3.76,3.78,3.72,3.76,3.76,187271
2022-08-18,3.76,3.78,3.74,3.78,3.78,49712
2022-08-19,3.78,3.78,3.74,3.76,3.76,105759
2022-08-22,3.72,3.76,3.72,3.76,3.76,254541
2022-08-23,3.76,3.78,3.72,3.76,3.76,165290
2022-08-24,3.74,3.78,3.72,3.78,3.78,134253
2022-08-25,3.78,3.78,3.76,3.78,3.78,70303
2022-08-26,3.78,3.78,3.74,3.78,3.78,160401
2022-08-29,3.78,3.78,3.72,3.74,3.74,136643
2022-08-30,3.74,3.78,3.72,3.76,3.76,73499
2022-08-31,3.76,3.76,3.74,3.76,3.76,147733
2022-09-01,3.76,3.76,3.7,3.74,3.74,126128
2022-09-02,3.74,3.74,3.7,3.74,3.74,75395
2022-09-05,3.74,3.78,3.72,3.74,3.74,208805
2022-09-06,3.74,3.78,3.72,3.76,3.76,210999
2022-09-07,3.76,4.54,3.76,4.32,4.32,31668202
2022-09-08,4.3,4.48,4.08,4.1,4.1,6483072
2022-09-09,4.2,4.28,4.12,4.12,4.12,3033611
2022-09-12,4.14,4.16,4.0,4.06,4.06,1424716
2022-09-13,4.08,4.18,4.06,4.08,4.08,1196358
2022-09-14,4.06,4.12,4.02,4.08,4.08,707832
2022-09-15,4.1,4.38,4.08,4.22,4.22,10953726
2022-09-16,4.24,4.3,4.14,4.14,4.14,1507606
2022-09-19,4.14,4.16,4.04,4.04,4.04,1077826
2022-09-20,4.02,4.1,4.02,4.02,4.02,487030
2022-09-21,4.02,4.06,4.0,4.0,4.0,423245
2022-09-22,4.0,4.04,3.94,3.98,3.98,527607
2022-09-23,4.0,4.02,3.98,4.0,4.0,55112
2022-09-26,4.0,4.0,3.94,3.94,3.94,367002
2022-09-27,3.92,4.0,3.82,3.82,3.82,479296
2022-09-28,3.76,3.82,3.76,3.8,3.8,284111
2022-09-29,3.8,3.92,3.8,3.8,3.8,272636
2022-09-30,3.9,3.9,3.8,3.82,3.82,112202
2022-10-03,3.8,3.88,3.78,3.78,3.78,131344
2022-10-04,3.78,3.8,3.74,3.74,3.74,182172
2022-10-05,3.76,3.82,3.76,3.78,3.78,64400
2022-10-06,3.8,3.86,3.72,3.76,3.76,266745
2022-10-07,3.74,3.76,3.72,3.72,3.72,233406
2022-10-10,3.72,3.74,3.7,3.7,3.7,110710
2022-10-11,3.7,3.76,3.68,3.68,3.68,143864
2022-10-12,3.7,3.9,3.68,3.7,3.7,389930
2022-10-17,3.72,3.74,3.68,3.74,3.74,142640
2022-10-18,3.74,3.78,3.74,3.74,3.74,92800
2022-10-19,3.76,3.88,3.76,3.78,3.78,193265
2022-10-20,3.78,3.82,3.76,3.82,3.82,46422
2022-10-21,3.78,3.82,3.74,3.78,3.78,86408
