Date,Open,High,Low,Close,Adj Close,Volume
2020-09-23,3.08,3.28,3.08,3.26,3.26,31742100
2020-09-24,3.22,3.24,3.12,3.14,3.14,15299000
2020-09-25,3.26,3.3,3.18,3.22,3.22,14952500
2020-09-28,3.28,3.3,3.2,3.28,3.28,12980800
2020-09-29,3.22,3.22,3.1,3.12,3.12,10597600
2020-09-30,3.14,3.16,3.06,3.06,3.06,6119200
2020-10-01,3.1,3.16,3.08,3.08,3.08,4213500
2020-10-02,3.12,3.22,3.12,3.14,3.14,14070300
2020-10-05,3.22,3.24,3.14,3.14,3.14,6018700
2020-10-06,3.16,3.16,3.12,3.12,3.12,3266500
2020-10-07,3.12,3.18,3.12,3.16,3.16,3274900
2020-10-08,3.16,3.18,3.1,3.12,3.12,3770100
2020-10-09,3.1,3.1,3.04,3.06,3.06,3825800
2020-10-12,3.06,3.08,3.02,3.06,3.06,1449900
2020-10-14,3.06,3.06,3.02,3.06,3.06,1175200
2020-10-15,3.02,3.04,2.98,3.0,3.0,2647700
2020-10-16,2.98,3.0,2.9,2.92,2.92,2774400
2020-10-19,2.84,2.84,2.72,2.76,2.76,3304000
2020-10-20,2.74,2.82,2.74,2.78,2.78,1166400
2020-10-21,2.78,2.84,2.78,2.8,2.8,836600
2020-10-22,2.8,2.84,2.78,2.82,2.82,1115500
2020-10-26,2.8,2.86,2.76,2.8,2.8,3999400
2020-10-27,2.78,2.8,2.72,2.78,2.78,1707100
2020-10-28,2.8,2.82,2.78,2.82,2.82,1156100
2020-10-29,2.76,2.86,2.76,2.8,2.8,983600
2020-10-30,2.8,2.82,2.76,2.76,2.76,855300
2020-11-02,2.76,2.8,2.76,2.76,2.76,874200
2020-11-03,2.78,2.84,2.78,2.82,2.82,1485500
2020-11-04,2.82,2.84,2.8,2.8,2.8,536300
2020-11-05,2.82,2.92,2.82,2.9,2.9,2773500
2020-11-06,2.92,2.94,2.86,2.88,2.88,2058300
2020-11-09,2.96,3.02,2.92,3.0,3.0,5378300
2020-11-10,3.04,3.06,2.98,3.02,3.02,2350000
2020-11-11,3.02,3.16,3.02,3.12,3.12,7393000
2020-11-12,3.12,3.14,3.06,3.08,3.08,2883500
2020-11-13,3.06,3.16,3.04,3.1,3.1,6654000
2020-11-16,3.14,3.18,3.08,3.08,3.08,5037300
2020-11-17,3.1,3.12,3.04,3.06,3.06,4219900
2020-11-18,3.06,3.16,3.06,3.14,3.14,5275400
2020-11-19,3.18,3.24,3.18,3.24,3.24,9967200
2020-11-20,3.26,4.06,3.26,3.76,3.76,108204000
2020-11-23,3.92,4.04,3.84,3.94,3.94,45237600
2020-11-24,3.94,4.22,3.86,4.18,4.18,58848500
2020-11-25,4.22,4.22,3.98,4.08,4.08,27164600
2020-11-26,4.1,4.4,4.06,4.36,4.36,40359000
2020-11-27,4.36,4.5,4.32,4.42,4.42,30469900
2020-11-30,4.42,4.42,4.28,4.3,4.3,13871400
2020-12-01,4.34,4.38,4.3,4.32,4.32,10494600
2020-12-02,4.3,4.34,4.18,4.2,4.2,17582000
2020-12-03,4.2,4.44,4.2,4.4,4.4,25750500
2020-12-04,4.38,4.4,4.24,4.26,4.26,18283500
2020-12-08,4.22,4.32,4.22,4.28,4.28,8052100
2020-12-09,4.28,4.32,4.16,4.16,4.16,11375400
2020-12-14,4.3,4.56,4.3,4.5,4.5,48856700
2020-12-15,4.56,5.05,4.48,5.05,5.05,77653400
2020-12-16,5.2,5.25,5.05,5.1,5.1,31798200
2020-12-17,5.1,5.2,4.92,5.0,5.0,21057600
2020-12-18,5.05,5.35,4.96,5.1,5.1,35129500
2020-12-21,4.9,4.98,4.6,4.6,4.6,40099100
2020-12-22,4.58,4.78,4.46,4.7,4.7,32337700
2020-12-23,4.7,4.96,4.64,4.9,4.9,47531400
2020-12-24,4.92,5.1,4.82,5.05,5.05,35954100
2020-12-25,5.2,5.6,5.05,5.5,5.5,76737000
2020-12-28,5.7,5.8,5.35,5.35,5.35,52880900
2020-12-29,5.4,5.8,5.35,5.8,5.8,45809200
2020-12-30,5.75,5.75,5.45,5.65,5.65,29983500
2021-01-04,5.4,6.55,5.3,6.35,6.35,94414000
2021-01-05,6.3,6.4,6.05,6.15,6.15,47808600
2021-01-06,6.3,6.6,6.2,6.35,6.35,51824200
2021-01-07,6.45,6.65,6.25,6.3,6.3,31719800
2021-01-08,6.45,6.5,5.8,6.1,6.1,39764100
2021-01-11,6.35,6.6,6.3,6.45,6.45,48196800
2021-01-12,6.75,6.8,6.55,6.7,6.7,38506100
2021-01-13,6.7,6.8,6.55,6.55,6.55,26761700
2021-01-14,6.6,6.8,6.55,6.65,6.65,17566900
2021-01-15,6.5,6.5,6.25,6.25,6.25,19279200
2021-01-18,6.15,6.45,6.15,6.3,6.3,10953900
2021-01-19,6.3,6.35,6.1,6.15,6.15,10695700
2021-01-20,6.25,6.45,6.2,6.35,6.35,23982100
2021-01-21,6.45,6.55,6.25,6.25,6.25,17368600
2021-01-22,6.25,6.25,6.05,6.05,6.05,11760400
2021-01-25,6.1,6.2,6.05,6.15,6.15,5841000
2021-01-26,6.1,6.15,5.9,6.1,6.1,13183200
2021-01-27,6.0,6.05,5.8,5.8,5.8,17015100
2021-01-28,5.75,5.8,5.45,5.5,5.5,15252600
2021-01-29,5.55,5.7,5.4,5.65,5.65,12645100
2021-02-01,5.7,5.95,5.55,5.85,5.85,12393600
2021-02-02,5.9,5.95,5.75,5.85,5.85,5123500
2021-02-03,5.8,5.9,5.75,5.8,5.8,3272600
2021-02-04,5.8,5.85,5.7,5.7,5.7,3141100
2021-02-05,5.75,6.1,5.75,6.05,6.05,14808500
2021-02-08,6.05,6.3,6.05,6.3,6.3,15290100
2021-02-09,6.25,6.3,6.15,6.25,6.25,8025700
2021-02-10,6.25,6.4,6.15,6.15,6.15,12894300
2021-02-11,6.2,6.4,6.1,6.4,6.4,14748200
2021-02-15,6.5,6.55,6.4,6.5,6.5,17866400
2021-02-16,6.55,6.75,6.5,6.55,6.55,27605300
2021-02-17,6.7,6.85,6.6,6.8,6.8,31353500
2021-02-18,7.0,7.1,6.95,7.1,7.1,34535700
2021-02-19,6.95,7.0,6.6,6.9,6.9,39076500
2021-02-22,6.8,7.15,6.75,7.0,7.0,54733900
2021-02-23,7.05,7.4,7.0,7.2,7.2,51818400
2021-02-24,7.25,7.6,7.1,7.55,7.55,55919500
2021-02-25,7.6,7.65,7.1,7.25,7.25,44183400
2021-03-01,7.05,7.4,6.95,7.3,7.3,27446200
2021-03-02,7.35,7.7,7.35,7.6,7.6,44856800
2021-03-03,7.7,7.7,7.4,7.5,7.5,20879300
2021-03-04,7.55,8.25,7.5,8.2,8.2,71888000
2021-03-05,8.1,8.25,8.05,8.2,8.2,18258000
2021-03-08,8.25,8.85,8.25,8.7,8.7,57675500
2021-03-09,8.85,8.85,8.3,8.55,8.55,35963100
2021-03-10,8.7,9.0,8.65,8.85,8.85,26824200
2021-03-11,8.8,8.8,8.55,8.7,8.7,27380800
2021-03-12,8.6,8.8,8.45,8.6,8.6,18524600
2021-03-15,8.6,8.75,8.5,8.6,8.6,13065800
2021-03-16,8.65,8.7,8.45,8.5,8.5,13240500
2021-03-17,8.5,8.55,8.2,8.4,8.4,25327900
2021-03-18,8.55,9.6,8.55,9.55,9.55,88633800
2021-03-19,9.65,10.2,9.65,10.2,10.2,87708800
2021-03-22,10.7,13.2,10.6,13.2,13.2,240498800
2021-03-23,14.9,15.2,12.6,13.1,13.1,168976700
2021-03-24,12.3,13.9,12.3,13.0,13.0,107757200
2021-03-25,13.0,13.5,12.6,12.9,12.9,54478900
2021-03-26,13.0,13.2,12.2,13.1,13.1,73314600
2021-03-29,13.3,14.0,12.7,14.0,14.0,50652200
2021-03-30,13.6,13.7,12.7,13.3,13.3,40232900
2021-03-31,13.0,13.2,12.8,12.9,12.9,15114400
2021-04-01,12.9,13.0,12.4,13.0,13.0,18740600
2021-04-02,13.0,13.1,12.9,12.9,12.9,8520300
2021-04-05,12.9,12.9,12.3,12.5,12.5,14222800
2021-04-07,12.2,12.5,11.5,11.8,11.8,22922100
2021-04-08,11.8,12.6,11.5,12.3,12.3,22358600
2021-04-09,12.3,12.3,11.6,11.8,11.8,14708800
2021-04-12,11.7,11.7,11.0,11.6,11.6,18926200
2021-04-16,12.4,13.2,11.9,13.2,13.2,51976700
2021-04-19,13.7,13.8,13.2,13.8,13.8,33406100
2021-04-20,13.6,14.6,13.4,13.8,13.8,65624200
2021-04-21,14.0,14.6,13.9,14.3,14.3,32536400
2021-04-22,15.1,15.7,14.9,15.0,15.0,59520100
2021-04-23,14.6,15.0,14.3,15.0,15.0,26162000
2021-04-26,15.1,15.6,14.8,15.5,15.5,29177200
2021-04-27,15.8,15.9,14.6,14.8,14.8,26183300
2021-04-28,15.2,15.4,14.9,15.3,15.3,10011000
2021-04-29,15.3,15.4,14.9,15.0,15.0,6258800
2021-04-30,15.1,15.2,14.6,14.6,14.6,15370800
2021-05-05,15.2,17.299999,15.1,17.299999,17.299999,87587500
2021-05-06,16.9,17.6,16.4,16.9,16.9,38896000
2021-05-07,16.5,16.9,15.4,16.6,16.6,46018300
2021-05-10,17.299999,18.5,17.0,18.299999,18.299999,85106900
2021-05-11,18.299999,18.6,17.700001,18.200001,18.200001,51514600
2021-05-12,18.1,18.200001,17.5,17.5,17.5,33431000
2021-05-13,16.9,17.9,15.8,17.0,17.0,74289600
2021-05-14,16.0,16.5,15.2,15.6,15.6,100613100
2021-05-17,14.6,15.1,13.8,14.9,14.9,89774000
2021-05-18,15.4,16.5,15.0,16.4,16.4,70184300
2021-05-19,16.200001,16.700001,15.8,16.4,16.4,34196800
2021-05-20,16.4,16.6,15.9,16.0,16.0,32213100
2021-05-21,16.299999,17.1,16.200001,17.1,17.1,65149000
2021-05-24,17.4,17.6,16.799999,17.0,17.0,51202900
2021-05-25,17.200001,17.5,16.9,17.1,17.1,41098600
2021-05-27,16.6,17.5,16.4,17.5,17.5,74510100
2021-05-28,17.4,18.1,17.4,17.5,17.5,63626700
2021-05-31,17.4,17.700001,17.200001,17.5,17.5,18232200
2021-06-01,17.6,18.1,17.4,17.5,17.5,47365400
2021-06-02,17.6,17.700001,17.200001,17.299999,17.299999,22140200
2021-06-04,17.200001,17.299999,16.700001,16.700001,16.700001,36434400
2021-06-07,17.0,17.6,16.799999,17.6,17.6,41696300
2021-06-08,17.4,18.299999,17.4,17.700001,17.700001,111656300
2021-06-09,17.9,18.0,17.299999,17.700001,17.700001,25472200
2021-06-10,18.1,18.9,17.700001,18.9,18.9,155603200
2021-06-11,19.299999,19.5,17.799999,18.200001,18.200001,123906500
2021-06-14,18.299999,18.5,17.9,18.0,18.0,36202900
2021-06-15,18.0,18.200001,17.5,17.799999,17.799999,28673400
2021-06-16,17.9,18.299999,17.799999,18.0,18.0,25943000
2021-06-17,18.200001,18.799999,17.799999,18.0,18.0,73656400
2021-06-18,18.200001,18.200001,17.4,17.5,17.5,41469100
2021-06-21,17.0,17.299999,16.700001,17.0,17.0,33906300
2021-06-22,17.200001,17.299999,15.8,15.8,15.8,54506400
2021-06-23,15.8,16.700001,15.3,16.1,16.1,63320000
2021-06-24,16.200001,16.200001,15.5,16.0,16.0,47389500
2021-06-25,16.299999,16.5,15.9,16.200001,16.200001,26657100
2021-06-28,16.0,17.1,15.9,17.1,17.1,33351600
2021-06-29,16.700001,17.1,16.700001,17.1,17.1,30910800
2021-06-30,17.1,17.299999,16.799999,16.9,16.9,19388200
2021-07-01,17.0,17.1,16.700001,16.799999,16.799999,13324100
2021-07-02,16.700001,16.9,15.4,15.4,15.4,49449700
2021-07-05,15.4,15.7,14.6,14.9,14.9,61338900
2021-07-06,15.0,15.3,14.9,15.2,15.2,24660500
2021-07-07,15.0,15.2,14.6,15.0,15.0,19839700
2021-07-08,14.7,15.7,14.6,14.9,14.9,52164200
2021-07-09,14.8,15.1,14.2,14.7,14.7,42976400
2021-07-12,14.9,15.0,14.6,14.6,14.6,12373500
2021-07-13,14.8,15.5,14.7,15.4,15.4,24196100
2021-07-14,15.1,15.2,14.5,14.8,14.8,29132700
2021-07-15,14.7,14.8,14.5,14.5,14.5,20896100
2021-07-16,14.6,15.1,14.5,14.7,14.7,25330000
2021-07-19,14.3,14.6,14.1,14.4,14.4,21896800
2021-07-20,14.5,14.5,14.0,14.1,14.1,19867200
2021-07-21,14.2,14.4,14.0,14.0,14.0,11484900
2021-07-22,14.2,14.5,14.1,14.2,14.2,16247500
2021-07-23,14.4,15.0,14.3,14.7,14.7,37140800
2021-07-27,15.1,15.6,14.8,14.8,14.8,71586900
2021-07-29,14.9,15.4,14.8,15.3,15.3,37384000
2021-07-30,15.5,15.9,15.2,15.7,15.7,66485500
2021-08-02,16.200001,16.9,15.9,16.9,16.9,83359600
2021-08-03,16.700001,16.799999,16.299999,16.6,16.6,52411200
2021-08-04,16.6,16.700001,16.4,16.4,16.4,17600900
2021-08-05,16.799999,17.1,16.5,16.6,16.6,52439600
2021-08-06,16.799999,16.9,15.7,16.0,16.0,57385100
2021-08-09,16.0,16.0,15.5,15.6,15.6,22385100
2021-08-10,15.7,16.1,15.7,16.0,16.0,24405300
2021-08-11,16.200001,16.299999,15.6,15.6,15.6,24493000
2021-08-13,15.7,16.1,15.6,16.0,16.0,53378100
2021-08-16,16.0,16.1,15.0,15.5,15.5,33886500
2021-08-17,15.6,15.9,15.6,15.7,15.7,15956600
2021-08-18,15.9,15.9,15.6,15.8,15.8,10501800
2021-08-19,15.9,16.6,15.7,15.8,15.8,69651500
2021-08-20,16.1,16.200001,15.7,15.9,15.9,16578500
2021-08-23,16.1,16.1,15.5,15.6,15.6,21341600
2021-08-24,15.8,16.4,15.7,16.4,16.4,57301600
2021-08-25,16.700001,17.6,16.6,17.4,17.4,127677000
2021-08-26,17.5,17.9,17.299999,17.799999,17.799999,38739400
2021-08-27,17.700001,17.799999,16.700001,16.9,16.9,55009700
2021-08-30,17.1,17.299999,16.700001,16.799999,16.799999,23401300
2021-08-31,16.799999,16.9,16.5,16.6,16.6,22021700
2021-09-01,16.200001,16.299999,15.6,15.8,15.8,52747100
2021-09-02,15.5,16.1,15.5,15.9,15.9,26100400
2021-09-03,16.0,16.1,15.7,15.8,15.8,15490200
2021-09-06,15.9,16.0,15.6,15.7,15.7,14351200
2021-09-07,15.7,15.7,14.9,15.1,15.1,41221800
2021-09-08,14.9,15.5,14.9,15.5,15.5,19346900
2021-09-09,15.5,15.6,15.1,15.1,15.1,11951700
2021-09-10,15.7,15.8,15.4,15.5,15.5,30810800
2021-09-13,15.7,16.1,15.6,16.1,16.1,31948300
2021-09-14,16.4,16.5,15.8,16.0,16.0,32218800
2021-09-15,16.0,16.0,15.6,15.7,15.7,15000200
2021-09-16,15.6,15.8,15.3,15.5,15.5,15858600
2021-09-17,15.5,15.6,15.3,15.4,15.4,12524400
2021-09-20,14.9,15.0,13.9,13.9,13.9,107061900
2021-09-21,13.9,14.0,13.3,13.9,13.9,69860700
2021-09-22,14.0,14.4,13.5,13.7,13.7,41687500
2021-09-23,13.9,14.0,13.7,13.8,13.8,17986000
2021-09-27,13.8,13.8,12.8,12.9,12.9,43497900
2021-09-28,13.1,13.2,12.7,12.9,12.9,30053500
2021-09-29,13.0,13.4,12.9,13.1,13.1,31163700
2021-09-30,13.2,13.3,12.9,13.0,13.0,16490700
2021-10-01,12.9,13.6,12.8,13.4,13.4,32204000
2021-10-04,13.4,13.5,12.9,13.0,13.0,15961500
2021-10-05,13.0,13.6,13.0,13.2,13.2,20924100
2021-10-06,13.5,13.9,13.2,13.8,13.8,47851600
2021-10-07,14.0,14.1,13.6,13.7,13.7,26701800
2021-10-08,13.6,13.7,13.3,13.5,13.5,14121400
2021-10-11,13.3,13.4,13.1,13.1,13.1,10597300
2021-10-12,13.2,13.4,13.0,13.1,13.1,11179800
2021-10-14,13.0,13.1,12.5,12.6,12.6,36073900
2021-10-15,12.5,12.5,11.5,11.5,11.5,68985700
2021-10-18,11.0,11.8,10.8,11.7,11.7,46109900
2021-10-19,11.8,11.9,11.4,11.7,11.7,16631500
2021-10-20,11.8,12.0,11.6,11.8,11.8,22667800
2021-10-21,11.9,12.3,11.9,12.1,12.1,15707900
2021-10-25,11.8,11.9,11.6,11.7,11.7,12534600
2021-10-26,11.7,12.0,11.7,11.8,11.8,9365000
2021-10-27,11.7,11.8,11.3,11.4,11.4,22281100
2021-10-28,11.2,11.5,11.1,11.3,11.3,21746800
2021-10-29,11.3,11.7,11.2,11.6,11.6,15633800
2021-11-01,11.5,11.6,10.5,10.7,10.7,44180200
2021-11-02,10.8,11.3,10.7,11.0,11.0,43252000
2021-11-03,10.7,10.8,9.65,9.65,9.65,97321600
2021-11-04,9.5,10.0,9.3,9.95,9.95,102521800
2021-11-05,9.85,9.9,9.45,9.45,9.45,39185100
2021-11-08,9.6,9.95,9.55,9.8,9.8,30607000
2021-11-09,9.85,10.1,9.8,10.1,10.1,25105700
2021-11-10,10.2,10.2,9.7,9.8,9.8,29447800
2021-11-11,9.85,9.9,9.5,9.5,9.5,19517000
2021-11-12,9.75,10.2,9.65,9.75,9.75,48876500
2021-11-15,9.8,9.85,9.5,9.7,9.7,31391800
2021-11-16,9.75,9.95,9.65,9.75,9.75,27816000
2021-11-17,9.65,9.65,9.4,9.5,9.5,38448300
2021-11-18,9.5,9.65,9.5,9.6,9.6,17190900
2021-11-19,9.7,9.85,9.7,9.85,9.85,25230000
2021-11-22,9.95,10.0,9.75,9.8,9.8,38954200
2021-11-23,9.9,10.3,9.85,10.3,10.3,51864200
2021-11-24,10.3,10.4,9.9,10.0,10.0,37036300
2021-11-25,10.1,10.1,9.9,10.0,10.0,22435100
2021-11-26,9.95,10.0,9.6,9.6,9.6,36247500
2021-11-29,9.7,9.95,9.6,9.8,9.8,37175400
2021-11-30,9.95,10.0,9.0,9.15,9.15,88823600
2021-12-01,9.25,9.6,9.2,9.45,9.45,40295900
2021-12-02,9.35,9.55,9.1,9.5,9.5,39308500
2021-12-03,9.5,9.75,9.45,9.7,9.7,28939600
2021-12-07,9.85,10.1,9.7,9.95,9.95,49548400
2021-12-08,10.0,10.1,9.85,9.95,9.95,32581800
2021-12-09,9.95,10.0,9.8,9.8,9.8,16840000
2021-12-13,9.85,9.85,9.7,9.75,9.75,13481500
2021-12-14,9.7,9.8,9.55,9.6,9.6,16629700
2021-12-15,9.5,9.55,9.25,9.3,9.3,30284500
2021-12-16,9.3,9.45,9.25,9.45,9.45,13918500
2021-12-17,9.4,9.95,9.4,9.6,9.6,45030400
2021-12-20,9.5,9.6,9.35,9.4,9.4,18992300
2021-12-21,9.5,9.85,9.5,9.8,9.8,40682300
2021-12-22,9.75,9.8,9.55,9.7,9.7,20351600
2021-12-23,9.7,9.85,9.7,9.7,9.7,15873800
2021-12-24,9.8,9.85,9.55,9.7,9.7,21474300
2021-12-27,9.7,9.75,9.5,9.55,9.55,9296000
2021-12-28,9.6,9.8,9.5,9.55,9.55,11446300
2021-12-29,9.6,9.65,9.55,9.55,9.55,7977200
2021-12-30,9.6,9.7,9.45,9.55,9.55,19265900
2022-01-04,9.7,10.1,9.65,10.1,10.1,73741600
2022-01-05,10.0,10.3,9.8,10.1,10.1,44031300
2022-01-06,9.95,10.2,9.9,9.9,9.9,25158800
2022-01-07,10.0,10.3,9.85,10.1,10.1,39798900
2022-01-10,10.1,10.6,10.0,10.5,10.5,40458300
2022-01-11,10.5,10.6,10.2,10.3,10.3,32455300
2022-01-12,10.3,10.3,10.1,10.2,10.2,16174900
2022-01-13,10.2,10.7,10.1,10.4,10.4,38251100
2022-01-14,10.3,10.4,9.9,9.95,9.95,40601800
2022-01-17,9.9,9.95,9.55,9.55,9.55,47760700
2022-01-18,9.6,9.7,9.45,9.45,9.45,23616300
2022-01-19,9.4,9.5,9.2,9.2,9.2,33989900
2022-01-20,9.25,9.35,9.1,9.15,9.15,24094600
2022-01-21,9.15,9.2,9.0,9.05,9.05,26064200
2022-01-24,9.05,9.05,8.65,8.65,8.65,35819000
2022-01-25,8.65,8.95,8.6,8.7,8.7,35159000
2022-01-26,8.8,8.9,8.7,8.7,8.7,19009200
2022-01-27,8.65,8.65,8.5,8.55,8.55,16487800
2022-01-28,8.7,8.85,8.7,8.75,8.75,11332200
2022-01-31,8.9,9.5,8.9,9.25,9.25,37029300
2022-02-01,9.35,9.5,9.25,9.35,9.35,17614100
2022-02-02,9.4,9.45,9.3,9.4,9.4,7753000
2022-02-03,9.35,9.8,9.35,9.65,9.65,34597500
2022-02-04,9.6,9.7,9.5,9.5,9.5,18090200
2022-02-07,9.5,9.75,9.5,9.75,9.75,20151800
2022-02-08,9.75,9.95,9.7,9.85,9.85,21494900
2022-02-09,10.0,10.2,10.0,10.0,10.0,22090100
2022-02-10,10.3,10.4,10.1,10.3,10.3,27334000
2022-02-11,10.4,10.5,10.2,10.2,10.2,27328600
2022-02-14,10.1,10.2,9.95,10.0,10.0,20850900
2022-02-15,10.1,10.2,9.95,10.0,10.0,9455500
2022-02-17,10.0,10.2,9.95,10.1,10.1,10749200
2022-02-18,10.1,10.2,10.0,10.2,10.2,10253500
2022-02-21,10.2,10.3,9.8,9.9,9.9,18250300
2022-02-22,9.95,10.0,9.7,9.95,9.95,27123700
2022-02-23,10.0,10.3,10.0,10.2,10.2,23430400
2022-02-24,10.2,10.2,9.4,9.45,9.45,40172000
2022-02-25,9.65,10.2,9.6,10.1,10.1,34315200
2022-02-28,10.0,10.0,9.8,9.95,9.95,12005400
2022-03-01,10.0,10.1,9.95,9.95,9.95,12158900
2022-03-02,10.0,10.3,9.95,10.2,10.2,24235500
2022-03-03,10.3,10.5,10.2,10.4,10.4,31431300
2022-03-04,10.2,10.3,9.9,10.0,10.0,20270400
2022-03-07,10.0,10.0,9.5,9.6,9.6,23822600
2022-03-08,9.7,10.1,9.35,9.6,9.6,60415900
2022-03-09,9.85,10.1,9.55,10.0,10.0,47377500
2022-03-10,10.1,10.2,9.95,10.1,10.1,24758800
2022-03-11,10.1,12.0,10.0,11.7,11.7,203915100
2022-03-14,12.0,12.3,11.5,11.5,11.5,88984700
2022-03-15,11.1,11.2,10.1,10.2,10.2,141642100
2022-03-16,10.4,10.5,9.9,10.1,10.1,102460900
2022-03-17,10.2,10.3,10.0,10.1,10.1,39064700
2022-03-18,10.2,10.5,10.1,10.2,10.2,43495300
2022-03-21,10.3,10.5,10.2,10.2,10.2,38443400
2022-03-22,10.2,10.3,10.1,10.2,10.2,23702900
2022-03-23,10.2,10.3,10.1,10.1,10.1,7516100
2022-03-24,10.0,10.1,9.9,9.95,9.95,15859700
2022-03-25,10.0,10.0,9.7,9.7,9.7,27699100
2022-03-28,9.7,9.7,9.5,9.55,9.55,18956500
2022-03-29,9.55,9.65,9.55,9.6,9.6,10050100
2022-03-30,9.6,9.7,9.5,9.5,9.5,16928200
2022-03-31,9.55,9.55,9.4,9.45,9.45,15684800
2022-04-01,9.45,9.65,9.45,9.55,9.55,17820200
2022-04-04,9.55,9.55,9.2,9.2,9.2,36963600
2022-04-05,9.25,9.25,9.0,9.0,9.0,27254700
2022-04-07,8.9,8.9,8.65,8.75,8.75,30702800
2022-04-08,8.8,8.95,8.75,8.9,8.9,12366700
2022-04-11,8.85,8.9,8.75,8.8,8.8,12669900
2022-04-12,8.75,8.9,8.6,8.9,8.9,13706800
2022-04-18,9.05,9.35,9.05,9.25,9.25,20920600
2022-04-19,9.3,9.45,9.25,9.35,9.35,24348500
2022-04-20,9.3,9.45,9.2,9.3,9.3,11430100
2022-04-21,9.45,9.6,9.4,9.55,9.55,19301800
2022-04-22,9.7,9.75,9.55,9.65,9.65,26700700
2022-04-25,9.45,9.6,9.35,9.55,9.55,16548700
2022-04-26,9.6,9.65,9.35,9.4,9.4,13442600
2022-04-27,9.45,9.65,9.4,9.6,9.6,16792900
2022-04-28,9.65,9.8,9.6,9.8,9.8,22262000
2022-04-29,9.7,9.75,9.6,9.7,9.7,11767000
2022-05-03,9.85,10.1,9.65,9.65,9.65,40001000
2022-05-05,9.9,10.0,9.7,9.8,9.8,16016800
2022-05-06,9.75,9.85,9.6,9.7,9.7,19239000
2022-05-09,9.7,10.1,9.7,9.85,9.85,28530500
2022-05-10,10.0,10.0,9.8,9.95,9.95,19593000
2022-05-11,10.0,10.1,9.6,9.75,9.75,24067600
2022-05-12,9.75,9.95,9.4,9.5,9.5,32855000
2022-05-13,9.6,9.9,9.5,9.85,9.85,24490500
2022-05-17,9.9,10.4,9.85,10.4,10.4,47901100
2022-05-18,10.4,10.5,10.1,10.4,10.4,23527200
2022-05-19,10.0,10.2,10.0,10.0,10.0,21910900
2022-05-20,10.2,10.8,10.1,10.7,10.7,52654100
2022-05-23,10.8,10.8,10.4,10.5,10.5,20186754
2022-05-24,10.6,10.7,10.4,10.5,10.5,15630324
2022-05-25,10.3,10.4,10.0,10.2,10.2,21316909
2022-05-26,10.2,10.3,10.0,10.3,10.3,8563431
2022-05-27,10.2,10.2,9.7,9.7,9.7,49768238
2022-05-30,9.6,9.8,9.55,9.7,9.7,18628360
2022-05-31,9.7,10.1,9.7,10.1,10.1,32771268
2022-06-01,10.1,10.2,9.95,10.0,10.0,14714554
2022-06-02,10.1,10.3,10.1,10.2,10.2,18161520
2022-06-06,10.2,10.4,10.1,10.2,10.2,9412817
2022-06-07,10.1,10.3,10.0,10.0,10.0,15348124
2022-06-08,10.1,10.1,9.95,10.0,10.0,7146946
2022-06-09,9.7,9.75,9.35,9.6,9.6,39613988
2022-06-10,9.55,9.7,9.45,9.6,9.6,10244375
2022-06-13,9.45,9.6,9.3,9.3,9.3,21883515
2022-06-14,9.3,9.4,9.3,9.3,9.3,10293994
2022-06-15,9.45,9.7,9.45,9.55,9.55,14633485
2022-06-16,9.7,9.7,9.3,9.3,9.3,16753489
2022-06-17,9.35,9.5,9.15,9.5,9.5,14562005
2022-06-20,9.5,9.5,9.35,9.35,9.35,6300814
2022-06-21,9.45,9.5,9.3,9.4,9.4,6317675
2022-06-22,9.3,9.35,9.0,9.05,9.05,14023783
2022-06-23,9.0,9.0,8.6,8.65,8.65,35161649
2022-06-24,8.75,8.8,8.7,8.75,8.75,11750072
2022-06-27,8.8,9.0,8.75,8.9,8.9,8118523
2022-06-28,8.9,9.3,8.9,9.25,9.25,15354109
2022-06-29,9.1,9.15,8.9,9.0,9.0,12571245
2022-06-30,9.0,9.05,8.8,8.8,8.8,15066952
2022-07-01,8.85,9.0,8.8,8.95,8.95,9306035
2022-07-04,8.8,8.85,8.6,8.6,8.6,7974781
2022-07-05,8.7,8.75,8.4,8.4,8.4,12898057
2022-07-06,8.35,8.35,8.05,8.2,8.2,15565440
2022-07-07,8.25,8.35,8.05,8.3,8.3,8118640
2022-07-08,8.45,8.5,8.3,8.35,8.35,8751562
2022-07-11,8.25,8.55,8.2,8.45,8.45,8878374
2022-07-12,8.4,8.6,8.4,8.45,8.45,7282301
2022-07-14,8.45,8.8,8.4,8.45,8.45,6956723
2022-07-15,8.5,8.5,8.2,8.3,8.3,6551809
2022-07-18,8.45,8.9,8.45,8.8,8.8,16553606
2022-07-19,8.75,8.85,8.7,8.8,8.8,7485455
2022-07-20,8.9,8.95,8.75,8.75,8.75,7071436
2022-07-21,8.75,8.9,8.75,8.85,8.85,5381397
2022-07-22,8.9,8.95,8.75,8.8,8.8,8782372
2022-07-25,8.8,8.8,8.6,8.7,8.7,7235969
2022-07-26,8.65,8.8,8.65,8.65,8.65,3208261
2022-07-27,8.65,8.8,8.65,8.8,8.8,3352172
2022-08-01,8.75,8.95,8.75,8.85,8.85,7866464
2022-08-02,8.85,9.1,8.85,9.0,9.0,9006076
2022-08-03,9.0,9.0,8.85,9.0,9.0,6761939
2022-08-04,9.0,9.05,8.9,8.9,8.9,3386970
2022-08-05,8.9,8.9,8.7,8.8,8.8,8030221
2022-08-08,8.8,8.8,8.6,8.7,8.7,13134410
2022-08-09,8.7,8.9,8.7,8.9,8.9,8786920
2022-08-10,8.9,8.95,8.75,8.9,8.9,7658631
2022-08-11,8.95,9.0,8.8,8.85,8.85,6489234
2022-08-15,8.8,8.85,8.65,8.75,8.75,6581551
2022-08-16,8.7,8.85,8.65,8.7,8.7,11000824
2022-08-17,8.8,8.9,8.75,8.75,8.75,10791015
2022-08-18,8.8,8.85,8.7,8.7,8.7,3532150
2022-08-19,8.7,8.7,8.5,8.55,8.55,9301686
2022-08-22,8.55,8.55,8.3,8.3,8.3,11967420
2022-08-23,8.3,8.4,8.2,8.35,8.35,9922262
2022-08-24,8.4,8.5,8.35,8.4,8.4,6232892
2022-08-25,8.45,8.45,8.35,8.4,8.4,3427582
2022-08-26,8.4,8.5,8.35,8.35,8.35,6023464
2022-08-29,8.2,8.3,8.1,8.2,8.2,11083538
2022-08-30,8.25,8.45,8.25,8.3,8.3,6060779
2022-08-31,8.25,8.4,8.25,8.3,8.3,4627837
2022-09-01,8.3,8.35,8.15,8.15,8.15,7062805
2022-09-02,8.2,8.35,8.2,8.3,8.3,5265281
2022-09-05,8.45,8.45,8.25,8.3,8.3,5775110
2022-09-06,8.35,8.35,8.25,8.25,8.25,4405312
2022-09-07,8.25,8.3,8.2,8.25,8.25,4158773
2022-09-08,8.35,8.45,8.3,8.35,8.35,10050826
2022-09-09,8.4,8.45,8.35,8.4,8.4,4172968
2022-09-12,8.45,8.65,8.45,8.6,8.6,9228155
2022-09-13,8.7,8.75,8.6,8.65,8.65,7068368
2022-09-14,8.65,8.75,8.6,8.65,8.65,6917339
2022-09-15,8.8,8.85,8.65,8.65,8.65,12590315
2022-09-16,8.65,8.65,8.5,8.55,8.55,8218714
2022-09-19,8.55,8.55,8.35,8.45,8.45,5489425
2022-09-20,8.45,8.55,8.35,8.4,8.4,3641222
2022-09-21,8.5,8.55,8.45,8.45,8.45,3041020
2022-09-22,8.4,8.55,8.4,8.5,8.5,4443091
2022-09-23,8.5,8.55,8.45,8.45,8.45,3130768
2022-09-26,8.5,8.55,8.15,8.15,8.15,16319260
2022-09-27,8.2,8.2,7.55,7.55,7.55,49933576
2022-09-28,7.55,7.55,7.2,7.45,7.45,18247626
2022-09-29,7.5,7.8,7.3,7.65,7.65,25685454
2022-09-30,7.6,7.8,7.5,7.65,7.65,11892461
2022-10-03,7.65,7.75,7.55,7.75,7.75,14221116
2022-10-04,7.8,7.85,7.65,7.65,7.65,6966667
2022-10-05,7.75,8.0,7.75,7.9,7.9,8498003
2022-10-06,8.0,8.35,8.0,8.3,8.3,13895701
2022-10-07,8.25,8.25,8.1,8.2,8.2,5196005
2022-10-10,8.15,8.25,8.1,8.2,8.2,8380465
2022-10-11,8.15,8.15,8.0,8.1,8.1,6182290
2022-10-12,8.05,8.15,8.0,8.1,8.1,4840302
2022-10-17,8.1,8.25,8.1,8.2,8.2,6195055
2022-10-18,8.25,8.35,8.2,8.35,8.35,10388811
2022-10-19,8.4,8.5,8.35,8.45,8.45,7880543
2022-10-20,8.45,8.45,8.25,8.35,8.35,5096510
2022-10-21,8.3,8.35,8.2,8.3,8.3,4056788
2022-10-25,8.25,8.25,7.8,7.85,7.85,17706697
2022-10-26,7.8,7.9,7.8,7.8,7.8,6876292
2022-10-27,7.8,7.85,7.55,7.7,7.7,17046410
2022-10-28,7.65,7.85,7.65,7.75,7.75,6551327
2022-10-31,7.75,7.8,7.5,7.5,7.5,13015714
2022-11-01,7.55,7.75,7.45,7.75,7.75,11090323
2022-11-02,7.7,7.85,7.7,7.8,7.8,5589508
2022-11-03,7.75,7.95,7.75,7.85,7.85,3885746
2022-11-04,7.9,8.2,7.9,8.1,8.1,14987059
2022-11-07,8.1,8.3,8.05,8.15,8.15,11314972
2022-11-08,8.15,8.25,8.1,8.15,8.15,7021259
2022-11-09,8.15,8.2,7.95,8.05,8.05,6379000
2022-11-10,8.0,8.15,7.95,8.05,8.05,5044413
2022-11-11,8.1,8.3,8.0,8.2,8.2,9942491
2022-11-14,8.15,8.3,8.15,8.2,8.2,8566423
2022-11-15,8.25,8.3,8.15,8.2,8.2,6271465
2022-11-16,8.15,8.25,8.1,8.15,8.15,3494512
2022-11-17,8.15,8.2,8.05,8.05,8.05,2934208
2022-11-18,8.05,8.15,7.95,8.05,8.05,6852853
2022-11-21,8.05,8.15,8.0,8.0,8.0,6085612
2022-11-22,8.0,8.1,7.95,7.95,7.95,6629454
2022-11-23,7.9,8.0,7.9,8.0,8.0,2224744
2022-11-24,8.0,8.05,7.85,7.9,7.9,3336465
2022-11-25,7.95,8.0,7.85,7.9,7.9,1656119
2022-11-28,7.95,7.95,7.85,7.85,7.85,2667032
2022-11-29,7.85,8.1,7.85,8.0,8.0,6309284
2022-11-30,8.0,8.1,7.95,8.05,8.05,4947756
2022-12-01,8.1,8.2,8.05,8.1,8.1,2645739
2022-12-02,8.1,8.15,8.0,8.1,8.1,5055437
2022-12-06,8.05,8.1,7.95,8.1,8.1,5397283
2022-12-07,8.1,8.15,8.0,8.15,8.15,4743142
2022-12-08,8.2,8.35,8.1,8.3,8.3,11136470
2022-12-09,8.3,8.3,8.15,8.15,8.15,3407515
2022-12-13,8.2,8.3,8.2,8.2,8.2,3855405
2022-12-14,8.25,8.4,8.2,8.35,8.35,6264270
2022-12-15,8.35,8.4,8.15,8.2,8.2,6844942
2022-12-16,8.25,8.5,8.25,8.45,8.45,15574232
2022-12-19,8.4,8.5,8.35,8.4,8.4,3670433
2022-12-20,8.45,8.45,8.15,8.2,8.2,7821756
2022-12-21,8.25,8.3,8.2,8.25,8.25,3169793
2022-12-22,8.4,8.65,8.35,8.5,8.5,11865936
2022-12-23,8.35,8.4,8.25,8.25,8.25,4392334
2022-12-26,8.2,8.3,8.15,8.15,8.15,4915076
2022-12-27,8.15,8.3,8.15,8.25,8.25,5943121
2022-12-28,8.2,8.35,8.2,8.2,8.2,6268595
2022-12-29,8.25,8.4,8.2,8.2,8.2,5633220
2022-12-30,8.25,8.4,8.2,8.2,8.2,5633220
2023-01-03,8.25,8.25,8.05,8.1,8.1,6689322
2023-01-04,8.1,8.1,7.9,7.95,7.95,10476602
2023-01-05,8.0,8.0,7.9,7.9,7.9,3363577
2023-01-06,7.9,8.05,7.9,8.0,8.0,3468207
2023-01-09,8.0,8.3,7.95,8.25,8.25,11695402
2023-01-10,8.2,8.45,8.2,8.4,8.4,11714205
2023-01-11,8.35,8.4,8.3,8.35,8.35,3541497
2023-01-12,8.35,8.4,8.25,8.25,8.25,2249185
2023-01-13,8.25,8.45,8.2,8.3,8.3,6111360
2023-01-16,8.3,8.4,8.25,8.35,8.35,2779352
2023-01-17,8.35,8.4,8.25,8.25,8.25,3150129
2023-01-18,8.25,8.35,8.2,8.2,8.2,1574295
2023-01-19,8.2,8.2,8.1,8.15,8.15,3723571
2023-01-20,8.15,8.2,8.1,8.2,8.2,2371415
2023-01-23,8.2,8.25,8.1,8.1,8.1,3685817
2023-01-24,8.15,8.15,8.05,8.05,8.05,3845390
2023-01-25,8.05,8.15,8.05,8.1,8.1,3676546
2023-01-26,8.1,8.15,8.0,8.05,8.05,4270299
2023-01-27,8.05,8.2,8.05,8.15,8.15,4743174
2023-01-30,8.2,8.3,8.05,8.05,8.05,5055507
2023-01-31,8.1,8.2,8.1,8.15,8.15,3913404
2023-02-01,8.2,8.25,8.1,8.2,8.2,6221041
2023-02-02,8.2,8.2,8.05,8.05,8.05,3114427
2023-02-03,8.1,8.15,8.05,8.05,8.05,2506354
2023-02-06,8.1,8.15,8.0,8.05,8.05,3750289
2023-02-07,8.05,8.15,8.0,8.1,8.1,3759691
2023-02-08,8.1,8.1,7.95,8.0,8.0,4719758
2023-02-09,8.0,8.05,7.95,8.0,8.0,2692127
2023-02-10,8.0,8.05,7.95,7.95,7.95,1210993
2023-02-13,7.95,7.95,7.7,7.7,7.7,9366590
2023-02-14,7.85,7.85,7.6,7.65,7.65,6428562
2023-02-15,7.65,7.7,7.5,7.55,7.55,6057271
2023-02-16,7.55,7.65,7.5,7.55,7.55,5408212
2023-02-17,7.55,7.6,7.4,7.55,7.55,6196941
2023-02-20,7.65,7.75,7.65,7.7,7.7,3006164
2023-02-21,7.75,7.85,7.7,7.8,7.8,2383261
2023-02-22,7.8,7.95,7.8,7.9,7.9,4862474
2023-02-23,7.95,7.95,7.85,7.9,7.9,1825652
2023-02-24,7.95,8.05,7.9,7.95,7.95,5674286
2023-02-27,8.05,8.05,7.85,7.85,7.85,2400174
2023-02-28,7.9,7.95,7.85,7.95,7.95,3073350
2023-03-01,7.9,7.95,7.85,7.95,7.95,3073350
2023-03-02,8.0,8.0,7.9,8.0,8.0,1248401
2023-03-03,8.0,8.0,7.9,7.95,7.95,2608073
2023-03-07,7.95,8.0,7.9,7.9,7.9,1070703
2023-03-08,7.9,7.95,7.8,7.85,7.85,3049186
2023-03-09,7.85,7.9,7.75,7.8,7.8,3712484
2023-03-10,7.85,7.95,7.8,7.9,7.9,10634797
2023-03-13,7.9,7.95,7.75,7.85,7.85,5491939
2023-03-14,7.85,7.95,7.6,7.8,7.8,12642374
2023-03-15,7.9,8.1,7.85,8.05,8.05,19323947
2023-03-16,8.0,8.0,7.75,8.0,8.0,12005211
2023-03-17,8.05,8.05,7.8,7.9,7.9,8271691
2023-03-20,7.9,8.05,7.9,8.0,8.0,13719402
2023-03-21,7.85,7.9,7.8,7.85,7.85,2405788
2023-03-22,7.8,7.85,7.75,7.75,7.75,2258769
2023-03-23,7.75,7.8,7.65,7.8,7.8,6179305
2023-03-24,7.8,8.0,7.75,7.85,7.85,6115501
2023-03-27,7.9,7.95,7.85,7.85,7.85,1768115
2023-03-28,7.9,7.95,7.85,7.9,7.9,1768115
2023-03-29,7.95,8.0,7.9,7.9,7.9,1125150
2023-03-30,8.0,8.0,7.85,7.95,7.95,3414429
2023-03-31,7.9,7.95,7.85,7.85,7.85,1044800
2023-04-03,7.85,7.9,7.8,7.8,7.8,1358204
2023-04-04,7.85,7.85,7.7,7.8,7.8,2500432
2023-04-05,7.85,7.85,7.6,7.8,7.8,3685133
2023-04-07,7.8,7.85,7.7,7.7,7.7,946256
2023-04-10,7.7,7.8,7.65,7.8,7.8,1113564
2023-04-11,7.8,7.8,7.65,7.65,7.65,2058384
2023-04-12,7.65,7.75,7.6,7.7,7.7,1758296
2023-04-17,7.7,7.8,7.7,7.75,7.75,2567410
2023-04-18,7.75,7.85,7.7,7.8,7.8,2168092
2023-04-19,7.8,7.95,7.8,7.9,7.9,3907627
2023-04-20,7.9,7.95,7.75,7.8,7.8,1753238
2023-04-21,7.85,7.85,7.65,7.7,7.7,2151044
2023-04-24,7.75,7.75,7.6,7.65,7.65,1544309
2023-04-25,7.65,7.65,7.3,7.3,7.3,4259068
2023-04-26,7.3,7.45,7.3,7.4,7.4,3174368
2023-04-27,7.45,7.45,7.2,7.25,7.25,1722709
2023-04-28,7.3,7.3,7.15,7.2,7.2,2197434
2023-05-02,7.2,7.2,6.95,7.05,7.05,2986607
2023-05-03,7.0,7.05,6.7,7.05,7.05,5162679
2023-05-08,7.0,7.0,6.8,6.95,6.95,2173800
2023-05-09,6.9,7.0,6.85,7.0,7.0,1792900
2023-05-10,7.0,7.1,6.9,7.05,7.05,2863500
2023-05-11,7.05,7.1,6.95,7.0,7.0,1404100
2023-05-12,7.0,7.05,6.8,6.9,6.9,2277155
2023-05-15,6.9,6.95,6.8,6.85,6.85,3644619
2023-05-16,6.8,6.85,6.6,6.7,6.7,3268992
2023-05-17,6.7,6.9,6.7,6.9,6.9,4131401
2023-05-18,6.95,7.05,6.85,7.0,7.0,1763891
2023-05-19,7.05,7.05,6.85,7.0,7.0,1907424
2023-05-22,7.0,7.1,6.85,7.1,7.1,5061796
2023-05-23,7.1,7.2,7.0,7.15,7.15,2688678
2023-05-24,7.15,7.15,6.95,7.15,7.15,2934963
2023-05-25,7.1,7.25,7.05,7.15,7.15,2501722
2023-05-26,7.1,7.2,7.05,7.15,7.15,1813916
2023-05-29,7.15,7.25,7.1,7.25,7.25,2629631
2023-05-30,7.25,7.25,7.1,7.2,7.2,1502800
2023-05-31,7.1,7.2,7.05,7.15,7.15,1894675
2023-06-01,7.15,7.15,7.0,7.0,7.0,884364
2023-06-02,7.05,7.1,6.95,7.05,7.05,1353137
2023-06-06,7.15,7.2,7.05,7.1,7.1,1404701
2023-06-07,7.1,7.2,7.05,7.15,7.15,1800279
2023-06-08,7.15,7.2,6.95,7.15,7.15,5991627
2023-06-09,7.15,7.25,7.0,7.2,7.2,5799636
2023-06-12,7.25,7.3,7.05,7.1,7.1,4623711
2023-06-13,7.1,7.15,7.05,7.05,7.05,1762812
2023-06-14,7.05,7.15,7.05,7.1,7.1,1881480
2023-06-15,7.1,7.1,6.9,7.0,7.0,5924021
2023-06-16,7.0,7.0,6.85,6.95,6.95,2835644
2023-06-19,6.85,6.9,6.8,6.8,6.8,3114976
2023-06-20,6.8,6.9,6.75,6.85,6.85,1270945
2023-06-21,6.85,6.85,6.6,6.6,6.6,2332097
2023-06-22,6.7,6.7,6.6,6.65,6.65,3067084
2023-06-23,6.75,6.85,6.7,6.8,6.8,2231595
2023-06-26,6.8,6.85,6.5,6.5,6.5,4041173
2023-06-27,6.55,6.6,6.45,6.5,6.5,2033758
2023-06-28,6.5,6.55,6.35,6.45,6.45,1891393
2023-06-29,6.45,6.6,6.25,6.5,6.5,3585748
2023-06-30,6.5,6.65,6.5,6.55,6.55,935110
2023-07-03,6.55,6.65,6.55,6.6,6.6,717179
2023-07-04,6.65,6.8,6.65,6.75,6.75,2023323
2023-07-05,6.75,6.9,6.7,6.8,6.8,1695619
2023-07-06,6.8,6.8,6.65,6.8,6.8,1331604
2023-07-07,6.75,6.85,6.7,6.8,6.8,1125762
2023-07-10,6.8,6.8,6.65,6.65,6.65,992010
2023-07-11,6.7,6.75,6.65,6.65,6.65,1401149
2023-07-12,6.7,6.7,6.5,6.55,6.55,2141793
2023-07-13,6.6,6.7,6.5,6.55,6.55,1638832
2023-07-14,6.6,6.65,6.55,6.6,6.6,1163520
2023-07-17,6.6,6.7,6.6,6.7,6.7,1140614
2023-07-18,6.7,6.7,6.5,6.55,6.55,2129666
2023-07-19,6.6,6.7,6.55,6.7,6.7,1742008
2023-07-20,6.6,6.65,6.5,6.6,6.6,1412852
2023-07-21,6.6,6.6,6.45,6.45,6.45,1463495
2023-07-24,6.5,6.5,6.35,6.4,6.4,1314031
2023-07-25,6.4,6.4,6.3,6.35,6.35,1695346
2023-07-26,6.35,6.4,6.2,6.2,6.2,2826805
2023-07-27,6.3,6.35,6.2,6.3,6.3,3911235
2023-07-31,6.3,6.4,6.2,6.35,6.35,2394639
2023-08-02,6.35,6.5,6.35,6.4,6.4,1821969
2023-08-03,6.35,6.35,6.15,6.2,6.2,2666723
2023-08-04,6.2,6.25,6.1,6.1,6.1,1896582
2023-08-07,6.15,6.15,5.8,5.9,5.9,6550688
2023-08-08,5.9,5.95,5.8,5.8,5.8,1179329
2023-08-09,5.8,5.9,5.7,5.9,5.9,2386883
2023-08-10,5.9,6.1,5.9,6.0,6.0,2042014
2023-08-11,6.1,6.15,6.0,6.15,6.15,1591561
2023-08-15,6.2,6.2,5.95,6.0,6.0,1585776
2023-08-16,6.0,6.05,5.9,6.05,6.05,1935358
2023-08-17,6.05,6.15,6.05,6.1,6.1,1296703
2023-08-18,6.1,6.15,6.05,6.05,6.05,754075
2023-08-21,6.05,6.3,6.05,6.3,6.3,2178003
2023-08-22,6.35,6.35,6.2,6.3,6.3,1178245
2023-08-23,6.3,6.35,6.15,6.3,6.3,4864342
2023-08-24,6.3,6.35,6.25,6.3,6.3,1088311
2023-08-25,6.35,6.35,6.25,6.3,6.3,1381625
2023-08-28,6.3,6.35,6.25,6.35,6.35,2343352
2023-08-29,6.3,6.4,6.3,6.3,6.3,1754309
2023-08-30,6.3,6.4,6.3,6.35,6.35,2275924
2023-08-31,6.35,6.35,6.2,6.2,6.2,1982614
2023-09-01,6.2,6.5,6.2,6.45,6.45,5263323
2023-09-04,6.45,6.5,6.25,6.25,6.25,2850405
2023-09-05,6.3,6.4,6.25,6.25,6.25,1912087
2023-09-06,6.25,6.5,6.25,6.4,6.4,3160889
2023-09-07,6.4,6.6,6.4,6.45,6.45,6625692
2023-09-08,6.55,6.65,6.45,6.45,6.45,5905553
2023-09-11,6.5,6.6,6.4,6.45,6.45,4489381
2023-09-12,6.5,6.65,6.25,6.3,6.3,10898685
2023-09-13,6.35,6.35,6.15,6.15,6.15,4109613
2023-09-14,6.3,6.3,6.1,6.2,6.2,9198914
2023-09-15,6.3,6.75,6.3,6.7,6.7,25783492
2023-09-18,6.7,6.7,6.55,6.6,6.6,7272650
2023-09-19,6.7,6.7,6.55,6.6,6.6,7272650
2023-09-20,6.75,6.8,6.5,6.5,6.5,16520268
2023-09-21,6.5,6.65,6.5,6.55,6.55,8953368
2023-09-22,6.5,6.5,6.25,6.35,6.35,7549449
2023-09-25,6.35,6.45,6.3,6.4,6.4,6466010
2023-09-26,6.35,6.45,6.2,6.2,6.2,7946116
2023-09-27,6.35,6.35,6.2,6.2,6.2,3832026
2023-09-28,6.3,6.35,6.1,6.1,6.1,5778292
2023-09-29,6.1,6.15,6.0,6.1,6.1,3462408
2023-10-02,6.1,6.15,5.85,5.9,5.9,6252209
2023-10-03,5.9,6.0,5.75,5.75,5.75,4101184
2023-10-04,5.75,5.9,5.7,5.8,5.8,2776113
2023-10-05,5.9,5.95,5.8,5.85,5.85,2380612
2023-10-06,5.95,5.95,5.75,5.8,5.8,2477193
2023-10-09,5.95,6.1,5.85,6.0,6.0,6820291
2023-10-10,5.85,5.85,5.6,5.65,5.65,9070769
2023-10-11,5.7,5.8,5.6,5.75,5.75,3047975
2023-10-12,5.8,5.85,5.7,5.75,5.75,1984263
2023-10-16,5.75,5.8,5.55,5.7,5.7,3482253
2023-10-17,5.75,5.75,5.65,5.65,5.65,1563100
2023-10-18,5.75,5.9,5.75,5.75,5.75,5580186
2023-10-19,5.7,5.75,5.55,5.6,5.6,3447148
2023-10-20,5.6,5.6,5.3,5.3,5.3,4422638
2023-10-24,5.3,5.4,5.0,5.35,5.35,7523890
2023-10-25,5.35,5.5,5.3,5.35,5.35,1124177
2023-10-26,5.3,5.4,5.15,5.25,5.25,2909734
2023-10-27,5.2,5.2,4.98,5.15,5.15,4075962
2023-10-30,5.15,5.25,5.05,5.25,5.25,2455746
2023-10-31,5.15,5.2,5.05,5.05,5.05,1069454
2023-11-01,5.15,5.2,5.05,5.05,5.05,1069454
2023-11-02,5.1,5.15,4.98,5.05,5.05,7184760
2023-11-03,5.1,5.25,5.05,5.2,5.2,3160540
2023-11-06,5.2,5.3,5.15,5.3,5.3,1982766
2023-11-07,5.3,5.3,5.1,5.15,5.15,2909235
2023-11-08,5.2,5.2,5.05,5.1,5.1,1774990
2023-11-09,5.1,5.1,4.88,4.92,4.92,6270693
2023-11-10,4.98,5.05,4.94,5.0,5.0,2204912
2023-11-13,5.0,5.05,4.98,4.98,4.98,1727788
2023-11-14,5.0,5.05,4.92,4.92,4.92,1698269
2023-11-15,5.0,5.05,4.9,5.0,5.0,11265736
2023-11-16,5.0,5.05,4.96,4.98,4.98,3073008
2023-11-17,5.0,5.05,4.96,4.96,4.96,2420981
2023-11-20,5.0,5.05,4.96,4.98,4.98,4930540
2023-11-21,5.0,5.0,4.92,4.96,4.96,5780060
2023-11-22,4.98,4.98,4.92,4.92,4.92,6859226
2023-11-23,4.94,5.35,4.74,5.3,5.3,39492155
2023-11-24,5.6,5.6,5.2,5.25,5.25,31643337
2023-11-27,5.35,5.55,5.3,5.5,5.5,26843205
2023-11-28,5.55,5.55,5.35,5.4,5.4,12441083
2023-11-29,5.5,5.65,5.3,5.35,5.35,15226798
2023-11-30,5.5,5.6,5.15,5.25,5.25,52556339
2023-12-01,5.35,5.45,5.3,5.4,5.4,13655458
2023-12-04,5.7,6.4,5.7,6.2,6.2,94733716
2023-12-06,6.15,6.4,6.05,6.3,6.3,50649476
2023-12-07,6.1,6.15,5.85,5.95,5.95,30635844
2023-12-08,5.85,6.35,5.7,6.25,6.25,44870935
2023-12-12,6.0,6.15,5.9,6.0,6.0,25730715
2023-12-13,5.95,6.05,5.65,5.7,5.7,19892626
2023-12-14,5.85,5.95,5.7,5.85,5.85,17179390
2023-12-15,5.9,6.05,5.85,5.9,5.9,12872992
2023-12-18,6.0,6.15,6.0,6.05,6.05,21205396
2023-12-19,6.0,6.05,5.85,5.9,5.9,16269221
2023-12-20,5.9,6.05,5.85,5.95,5.95,8771550
2023-12-21,6.0,6.05,5.9,5.95,5.95,8255538
2023-12-22,6.05,6.1,5.85,6.05,6.05,16516800
2023-12-25,6.15,6.2,5.9,5.9,5.9,16496562
2023-12-26,5.9,5.95,5.85,5.85,5.85,7733399
2023-12-27,5.9,6.15,5.9,6.05,6.05,23483036
2023-12-28,6.15,6.4,6.1,6.4,6.4,32843462
2024-01-02,6.7,7.2,6.55,7.1,7.1,70037237
2024-01-03,6.85,7.1,6.8,6.95,6.95,32378924
2024-01-04,6.8,6.95,6.7,6.9,6.9,30811177
2024-01-05,7.1,7.15,6.8,6.85,6.85,39880405
2024-01-08,6.85,6.9,6.65,6.7,6.7,12628728
2024-01-09,6.85,6.95,6.45,6.5,6.5,32470639
2024-01-10,6.5,6.6,6.4,6.5,6.5,12434326
2024-01-11,6.55,6.55,6.15,6.45,6.45,18771169
2024-01-12,6.45,6.7,6.45,6.55,6.55,17128085
2024-01-15,6.4,6.4,6.2,6.3,6.3,15802269
2024-01-16,6.25,6.4,6.25,6.35,6.35,5826263
2024-01-17,6.3,6.4,6.15,6.15,6.15,9117158
2024-01-18,6.15,6.3,6.1,6.25,6.25,8494443
2024-01-19,6.3,6.45,6.2,6.3,6.3,10873098
2024-01-22,6.4,6.45,6.25,6.35,6.35,7696633
2024-01-23,6.35,6.45,6.15,6.2,6.2,8167485
2024-01-24,6.15,6.35,6.05,6.35,6.35,7751328
2024-01-25,6.35,6.35,6.2,6.3,6.3,3091434
2024-01-26,6.25,6.35,6.2,6.2,6.2,1768344
2024-01-29,6.3,6.6,6.3,6.55,6.55,13156600
2024-01-30,6.6,6.6,6.35,6.4,6.4,9075500
2024-01-31,6.35,6.35,6.15,6.2,6.2,9084400
2024-02-01,6.15,6.25,6.1,6.25,6.25,4558200
2024-02-02,6.25,6.4,6.2,6.3,6.3,5730300
2024-02-05,6.25,6.45,6.25,6.4,6.4,5147700
2024-02-06,6.4,6.55,6.4,6.5,6.5,7938100
2024-02-07,6.7,6.75,6.5,6.55,6.55,7798900
2024-02-08,6.55,6.6,6.4,6.45,6.45,4702000
2024-02-09,6.5,6.9,6.45,6.8,6.8,19915500
2024-02-12,6.85,6.9,6.65,6.7,6.7,12302700
2024-02-13,6.8,6.9,6.75,6.85,6.85,12390200
2024-02-14,6.7,6.95,6.6,6.85,6.85,12531400
2024-02-15,6.85,6.85,6.6,6.6,6.6,15516100
2024-02-16,6.6,6.7,6.55,6.6,6.6,5449500
2024-02-19,6.65,6.8,6.65,6.7,6.7,6160900
2024-02-20,6.65,6.65,6.5,6.5,6.5,9915100
2024-02-21,6.55,6.75,6.45,6.65,6.65,7001000
2024-02-22,6.65,6.9,6.6,6.85,6.85,10171100
2024-02-23,6.8,6.9,6.6,6.65,6.65,11646200
2024-02-27,6.8,6.85,6.65,6.8,6.8,9285715
2024-02-28,6.8,6.85,6.45,6.65,6.65,17191900
2024-02-29,6.9,7.1,6.85,6.95,6.95,30121200
2024-03-01,6.8,6.8,6.5,6.65,6.65,19305000
2024-03-04,6.75,6.8,6.6,6.8,6.8,10225100
2024-03-05,6.95,7.05,6.8,6.8,6.8,17255500
2024-03-06,6.7,6.9,6.65,6.85,6.85,7802000
2024-03-07,6.8,6.8,6.65,6.7,6.7,5979000
2024-03-08,6.75,6.95,6.75,6.9,6.9,8257600
2024-03-11,6.95,7.0,6.85,6.9,6.9,11269100
2024-03-12,7.0,7.05,6.9,6.95,6.95,12364100
2024-03-13,6.9,6.95,6.8,6.9,6.9,5642100
2024-03-14,6.9,7.3,6.85,7.2,7.2,21327700
2024-03-15,7.1,7.1,7.0,7.05,7.05,11103900
2024-03-18,7.05,7.05,6.75,6.8,6.8,9123700
2024-03-19,6.8,6.85,6.65,6.65,6.65,8452900
2024-03-20,6.4,6.45,6.3,6.4,6.4,9930100
2024-03-21,6.45,6.6,6.4,6.5,6.5,3413900
2024-03-22,6.5,6.55,6.45,6.5,6.5,3795300
2024-03-25,6.5,6.7,6.5,6.6,6.6,4285700
2024-03-26,6.65,6.85,6.6,6.8,6.8,6882500
2024-03-27,6.75,6.8,6.65,6.7,6.7,5069200
2024-03-28,6.55,6.7,6.55,6.55,6.55,10215000
2024-03-29,6.6,6.65,6.45,6.5,6.5,4084800
2024-04-01,6.5,6.65,6.5,6.6,6.6,3248600
2024-04-02,6.65,6.65,6.55,6.6,6.6,1784000
2024-04-03,6.55,6.55,6.45,6.45,6.45,2409000
2024-04-04,6.45,6.5,6.4,6.45,6.45,2192700
2024-04-05,6.4,6.55,6.4,6.5,6.5,1804700
2024-04-09,6.5,6.6,6.4,6.45,6.45,4409300
2024-04-10,6.5,6.55,6.45,6.5,6.5,2592000
2024-04-11,6.5,6.55,6.45,6.45,6.45,2238200
2024-04-17,6.45,6.45,6.15,6.15,6.15,9384500
2024-04-18,6.2,6.3,6.1,6.1,6.1,4171800
2024-04-19,6.05,6.25,6.05,6.05,6.05,3487000
2024-04-22,6.15,6.25,6.1,6.25,6.25,3309800
2024-04-23,6.15,6.2,6.0,6.1,6.1,4924100
2024-04-24,6.15,6.2,6.05,6.1,6.1,1643200
2024-04-25,6.1,6.15,6.05,6.1,6.1,2527800
2024-04-26,6.1,6.2,6.1,6.1,6.1,1980500
2024-04-29,6.15,6.35,6.1,6.25,6.25,2594600
2024-04-30,6.35,6.4,6.3,6.3,6.3,1547585
2024-05-02,6.3,6.3,6.15,6.15,6.15,3153200
2024-05-03,6.3,6.6,6.3,6.55,6.55,13711200
2024-05-07,6.6,6.65,6.5,6.6,6.6,4432300
2024-05-08,6.75,7.0,6.7,6.9,6.9,16336500
2024-05-09,6.85,7.0,6.7,6.8,6.8,18120000
2024-05-10,6.85,6.95,6.65,6.7,6.7,9955600
2024-05-13,6.7,6.95,6.7,6.9,6.9,7832000
2024-05-14,6.9,7.15,6.85,7.1,7.1,26593300
2024-05-15,7.0,7.05,6.8,6.95,6.95,9227800
2024-05-16,7.25,7.35,7.05,7.3,7.3,33485200
2024-05-20,7.9,7.95,7.7,7.8,7.8,18744000
2024-05-21,7.8,7.85,7.7,7.8,7.8,8523800
2024-05-23,7.8,7.85,7.55,7.65,7.65,20100400
2024-05-24,7.7,7.95,7.65,7.8,7.8,19079000
2024-05-27,7.85,7.9,7.65,7.65,7.65,11680100
2024-05-28,7.7,8.1,7.7,8.0,8.0,32681200
2024-05-29,7.95,8.25,7.95,8.15,8.15,23622300
2024-05-30,8.05,8.5,8.0,8.45,8.45,26857500
2024-05-31,8.4,8.4,8.25,8.3,8.3,16262300
2024-06-04,8.3,8.45,7.85,8.1,8.1,24358700
2024-06-05,8.1,8.25,8.0,8.25,8.25,12176900
2024-06-06,8.2,8.25,8.0,8.05,8.05,11730100
2024-06-07,8.0,8.2,7.9,8.15,8.15,10871800
2024-06-10,8.1,8.15,7.95,8.0,8.0,8540000
2024-06-11,7.95,8.05,7.85,7.9,7.9,6792200
2024-06-12,7.9,7.9,7.45,7.6,7.6,15814900
2024-06-13,7.7,7.8,7.55,7.55,7.55,6658400
2024-06-14,7.7,7.85,7.65,7.65,7.65,11379200
2024-06-17,7.65,7.65,7.3,7.35,7.35,9614000
2024-06-18,7.35,7.6,7.35,7.5,7.5,7863800
2024-06-19,7.5,7.65,7.15,7.45,7.45,14860900
2024-06-20,7.45,7.6,7.35,7.45,7.45,4614900
2024-06-21,7.5,7.7,7.45,7.6,7.6,8735500
2024-06-24,7.55,7.65,7.45,7.55,7.55,7831000
2024-06-25,7.5,7.6,7.35,7.35,7.35,6416300
2024-06-26,7.3,7.5,7.3,7.4,7.4,4149800
2024-06-27,7.4,7.5,7.2,7.25,7.25,5679106
2024-06-28,7.4,7.45,7.1,7.2,7.2,11406278
2024-07-01,7.25,7.4,7.2,7.3,7.3,3721700
2024-07-02,7.5,7.55,7.25,7.45,7.45,13741300
2024-07-03,7.35,7.4,7.25,7.35,7.35,7909500
2024-07-04,7.15,7.2,6.9,7.0,7.0,11358100
2024-07-05,7.0,7.15,6.95,7.1,7.1,4249400
2024-07-08,7.05,7.15,6.9,7.0,7.0,4658500
2024-07-09,7.0,7.1,6.75,6.8,6.8,5884600
2024-07-10,6.8,6.95,6.75,6.85,6.85,3976200
2024-07-11,6.95,7.0,6.85,6.9,6.9,4957900
2024-07-12,6.9,7.1,6.9,7.05,7.05,6911900
2024-07-15,7.15,7.15,6.75,6.95,6.95,10072800
2024-07-16,7.0,7.25,7.0,7.15,7.15,9733200
2024-07-17,7.1,7.1,6.45,6.45,6.45,15155800
2024-07-18,6.5,6.65,6.4,6.45,6.45,7272300
2024-07-19,6.5,6.55,6.3,6.35,6.35,4365900
2024-07-23,6.35,6.45,6.1,6.1,6.1,4269600
2024-07-24,6.1,6.25,6.1,6.2,6.2,3059900
2024-07-25,6.25,6.3,6.1,6.1,6.1,2431000
2024-07-26,6.1,6.25,6.05,6.2,6.2,4690000
2024-07-30,6.2,6.4,6.15,6.3,6.3,4025400
2024-07-31,6.3,6.3,6.15,6.25,6.25,4740200
2024-08-01,6.3,6.5,6.3,6.45,6.45,5875526
2024-08-02,6.45,6.45,6.2,6.2,6.2,2740669
2024-08-05,6.05,6.1,5.7,5.7,5.7,11080000
2024-08-06,5.85,5.9,5.7,5.75,5.75,4920400
2024-08-07,5.85,5.95,5.8,5.9,5.9,2669900
2024-08-08,5.9,6.05,5.85,5.95,5.95,3326900
2024-08-09,6.0,6.0,5.7,5.7,5.7,3725500
2024-08-13,5.7,5.8,5.6,5.65,5.65,3328200
2024-08-14,5.7,5.7,5.5,5.65,5.65,4932600
2024-08-15,5.7,5.8,5.5,5.7,5.7,6365300
2024-08-16,5.7,5.7,5.55,5.7,5.7,5357400
2024-08-19,5.75,5.85,5.7,5.85,5.85,3402700
2024-08-20,5.9,5.9,5.75,5.85,5.85,3393200
2024-08-21,5.85,5.95,5.8,5.9,5.9,4016400
2024-08-22,5.9,5.95,5.8,5.9,5.9,3155000
2024-08-23,5.85,5.85,5.65,5.7,5.7,9754200
2024-08-26,5.7,5.75,5.65,5.7,5.7,7800500
2024-08-27,5.7,5.7,5.55,5.55,5.55,8590000
2024-08-28,5.55,5.6,5.45,5.55,5.55,6485200
2024-08-29,5.55,5.65,5.4,5.45,5.45,5874700
2024-08-30,5.55,5.85,5.55,5.75,5.75,16951100
2024-09-02,5.75,5.75,5.5,5.65,5.65,8259800
2024-09-03,5.85,5.85,5.6,5.65,5.65,12072900
2024-09-04,5.6,5.65,5.55,5.6,5.6,6138400
2024-09-05,5.6,5.8,5.55,5.75,5.75,8488000
2024-09-06,5.85,5.9,5.7,5.8,5.8,9806400
2024-09-09,5.85,6.1,5.8,6.05,6.05,15609700
2024-09-10,6.1,6.15,5.85,5.95,5.95,11700800
2024-09-11,5.95,5.95,5.65,5.7,5.7,10061100
2024-09-12,5.75,5.85,5.7,5.8,5.8,8590900
2024-09-13,5.8,5.85,5.7,5.75,5.75,4989200
2024-09-16,5.8,5.95,5.75,5.95,5.95,7961000
2024-09-17,5.95,6.0,5.8,5.85,5.85,7286600
2024-09-18,5.9,6.1,5.9,6.05,6.05,10710900
2024-09-19,6.1,6.15,5.9,6.05,6.05,11200700
2024-09-20,6.2,6.5,6.15,6.4,6.4,29338700
2024-09-23,6.4,6.45,6.2,6.3,6.3,14831000
2024-09-24,6.45,6.5,6.3,6.45,6.45,18561900
2024-09-25,6.45,6.55,6.35,6.45,6.45,15637100
2024-09-26,6.45,6.5,6.2,6.2,6.2,15606100
2024-09-27,6.35,6.4,6.3,6.35,6.35,12138900
2024-09-30,6.35,6.45,6.25,6.35,6.35,13164500
2024-10-01,6.3,6.45,6.3,6.45,6.45,7717100
2024-10-02,6.4,6.45,6.2,6.3,6.3,7994000
2024-10-03,6.25,6.25,6.0,6.0,6.0,15403100
2024-10-04,6.0,6.0,5.8,5.9,5.9,6920200
2024-10-07,5.95,6.05,5.9,5.95,5.95,4059400
2024-10-08,5.95,6.0,5.85,5.95,5.95,6029900
2024-10-09,5.9,5.9,5.8,5.8,5.8,4476200
2024-10-10,5.8,5.85,5.75,5.8,5.8,4668800
2024-10-11,5.8,5.9,5.75,5.75,5.75,4241600
2024-10-15,5.8,5.8,5.5,5.5,5.5,9498400
2024-10-16,5.5,5.7,5.5,5.65,5.65,6494900
2024-10-17,5.6,5.7,5.55,5.6,5.6,6578700
2024-10-18,5.65,5.65,5.5,5.5,5.5,4425600
2024-10-21,5.55,5.65,5.5,5.55,5.55,7404200
2024-10-22,5.55,5.55,5.45,5.45,5.45,2930200
2024-10-24,5.45,5.55,5.45,5.45,5.45,2281200
2024-10-25,5.5,5.5,5.4,5.4,5.4,2179500
2024-10-28,5.45,5.5,5.4,5.45,5.45,4643300
2024-10-29,5.5,5.5,5.4,5.4,5.4,4345200
2024-10-30,5.45,5.6,5.45,5.45,5.45,7074100
2024-10-31,5.45,5.55,5.4,5.5,5.5,3824200
2024-11-01,5.5,5.55,5.45,5.45,5.45,2907900
2024-11-04,5.5,5.55,5.45,5.5,5.5,2395000
2024-11-05,5.5,5.6,5.5,5.6,5.6,3567900
2024-11-06,5.6,5.75,5.55,5.6,5.6,7812100
2024-11-07,5.65,5.7,5.6,5.6,5.6,4680100
2024-11-08,5.65,5.85,5.65,5.8,5.8,10659300
2024-11-11,6.0,6.05,5.75,5.8,5.8,11016000
2024-11-12,6.0,6.3,5.9,6.15,6.15,36727700
2024-11-13,6.15,6.15,5.7,5.75,5.75,19977900
2024-11-14,5.65,5.85,5.6,5.75,5.75,14489000
2024-11-15,5.75,5.85,5.55,5.55,5.55,10663800
2024-11-18,5.7,5.7,5.6,5.65,5.65,4529200
2024-11-19,5.7,5.7,5.6,5.6,5.6,2241300
2024-11-20,5.55,5.55,5.45,5.55,5.55,5167100
2024-11-21,5.6,5.75,5.6,5.65,5.65,6521400
2024-11-22,5.7,5.95,5.7,5.95,5.95,12021900
2024-11-25,5.85,5.9,5.75,5.85,5.85,5661800
2024-11-26,5.8,5.85,5.75,5.85,5.85,5972600
2024-11-27,5.85,5.85,5.65,5.7,5.7,4836400
2024-11-28,5.7,5.7,5.6,5.65,5.65,2320200
2024-11-29,5.8,6.1,5.8,5.9,5.9,29396400
2024-12-02,6.1,6.2,5.95,6.0,6.0,42540900
2024-12-03,5.95,5.95,5.85,5.95,5.95,10214700
2024-12-04,5.9,5.95,5.85,5.9,5.9,6657800
2024-12-06,6.0,6.2,5.95,6.15,6.15,22849600
2024-12-09,6.15,6.15,6.0,6.1,6.1,24381100
2024-12-11,6.0,6.05,5.95,5.95,5.95,6276000
2024-12-12,6.0,6.0,5.65,5.75,5.75,19707900
2024-12-13,5.75,5.8,5.6,5.7,5.7,16542200
2024-12-16,5.75,5.75,5.5,5.55,5.55,9697000
2024-12-17,5.55,5.6,5.45,5.45,5.45,3897200
2024-12-18,5.35,5.5,5.3,5.45,5.45,6362100
2024-12-19,5.4,5.5,5.35,5.4,5.4,6359700
2024-12-20,5.4,5.45,5.1,5.1,5.1,7887700
2024-12-23,5.15,5.25,4.9,5.05,5.05,13459100
2024-12-24,5.05,5.15,5.0,5.1,5.1,3834300
2024-12-25,5.2,5.35,5.2,5.3,5.3,4327300
2024-12-26,5.3,5.3,5.15,5.15,5.15,4216300
2024-12-27,5.15,5.25,5.1,5.2,5.2,3693700
2024-12-30,5.2,5.25,5.0,5.1,5.1,4933800
2025-01-02,5.15,5.15,5.0,5.05,5.05,2642600
2025-01-03,5.1,5.25,5.05,5.1,5.1,4935500
2025-01-06,5.15,5.35,5.05,5.15,5.15,10703100
2025-01-07,5.15,5.35,5.15,5.35,5.35,4632500
2025-01-08,5.3,5.3,5.15,5.15,5.15,3328000
2025-01-09,5.15,5.2,5.0,5.0,5.0,4938700
2025-01-10,5.0,5.05,4.94,5.0,5.0,3374000
2025-01-13,5.0,5.05,4.92,4.94,4.94,3911700
2025-01-14,5.0,5.05,4.76,4.76,4.76,5572200
2025-01-15,4.76,4.86,4.76,4.84,4.84,3938500
2025-01-16,4.84,4.88,4.78,4.84,4.84,2901300
2025-01-17,4.86,4.86,4.62,4.66,4.66,7514800
2025-01-20,4.66,4.68,4.56,4.62,4.62,4631400
2025-01-21,4.62,4.76,4.62,4.72,4.72,3659800
2025-01-22,4.74,4.74,4.64,4.66,4.66,3379200
2025-01-23,4.68,4.76,4.62,4.64,4.64,3405600
2025-01-24,4.68,4.7,4.6,4.7,4.7,2800000
2025-01-27,4.68,4.76,4.54,4.56,4.56,7114300
2025-01-28,4.58,4.6,4.52,4.54,4.54,1897800
2025-01-29,4.56,4.58,4.5,4.5,4.5,1133100
